order_id,customer_id,product_id,order_date,premium_amount,coverage_amount,payment_status,policy_status
ORD000000,CUST002,PROD003,2023-01-01,114.2,902911.64,Pending,Pending
ORD000001,CUST088,PROD003,2023-01-02,172.52,692524.46,Paid,Active
ORD000002,CUST036,PROD006,2023-01-02,362.67,923125.74,Paid,Cancelled
ORD000003,CUST059,PROD003,2023-01-02,177.38,674992.19,Paid,Active
ORD000004,CUST039,PROD004,2023-01-03,428.64,816012.83,Paid,Cancelled
ORD000005,CUST028,PROD001,2023-01-03,363.36,901801.81,Failed,Pending
ORD000006,CUST068,PROD001,2023-01-04,425.06,818129.48,Paid,Cancelled
ORD000007,CUST029,PROD002,2023-01-04,365.83,1055092.56,Paid,Active
ORD000008,CUST004,PROD003,2023-01-04,94.76,973040.7,Failed,Pending
ORD000009,CUST034,PROD005,2023-01-05,446.11,274848.01,Failed,Cancelled
ORD000010,CUST040,PROD000,2023-01-05,370.03,220780.6,Failed,Pending
ORD000011,CUST001,PROD002,2023-01-05,472.9,938935.59,Failed,Pending
ORD000012,CUST014,PROD008,2023-01-05,570.94,606085.74,Failed,Pending
ORD000013,CUST048,PROD002,2023-01-06,731.65,658222.88,Pending,Pending
ORD000014,CUST015,PROD000,2023-01-06,654.01,152689.39,Paid,Active
ORD000015,CUST072,PROD004,2023-01-06,491.15,760011.95,Failed,Active
ORD000016,CUST076,PROD000,2023-01-07,421.66,208400.38,Paid,Active
ORD000017,CUST062,PROD000,2023-01-07,671.22,148562.65,Pending,Cancelled
ORD000018,CUST049,PROD008,2023-01-07,481.73,676560.83,Pending,Cancelled
ORD000019,CUST091,PROD008,2023-01-07,526.34,641323.28,Pending,Pending
ORD000020,CUST050,PROD003,2023-01-07,119.06,885379.37,Paid,Pending
ORD000021,CUST096,PROD002,2023-01-08,544.28,861497.6,Pending,Pending
ORD000022,CUST063,PROD005,2023-01-08,405.55,301203.3,Paid,Cancelled
ORD000023,CUST017,PROD009,2023-01-08,147.58,909318.72,Pending,Active
ORD000024,CUST057,PROD004,2023-01-08,705.47,568008.93,Failed,Pending
ORD000025,CUST092,PROD009,2023-01-08,251.55,643385.89,Paid,Cancelled
ORD000026,CUST017,PROD009,2023-01-09,147.58,909318.72,Failed,Pending
ORD000027,CUST059,PROD003,2023-01-09,177.38,674992.19,Failed,Active
ORD000028,CUST066,PROD004,2023-01-09,571.52,688010.82,Paid,Cancelled
ORD000029,CUST073,PROD002,2023-01-09,446.13,967974.83,Pending,Pending
ORD000030,CUST029,PROD009,2023-01-09,137.51,935054.16,Paid,Cancelled
ORD000031,CUST030,PROD005,2023-01-10,469.28,259787.85,Pending,Pending
ORD000032,CUST036,PROD001,2023-01-10,253.66,1050552.63,Paid,Cancelled
ORD000033,CUST020,PROD006,2023-01-10,646.93,686217.36,Pending,Active
ORD000034,CUST032,PROD007,2023-01-10,553.41,838302.85,Pending,Active
ORD000035,CUST078,PROD007,2023-01-11,440.85,948848.28,Failed,Active
ORD000036,CUST060,PROD004,2023-01-12,705.47,568008.93,Pending,Pending
ORD000037,CUST022,PROD002,2023-01-12,624.58,774379.86,Paid,Cancelled
ORD000038,CUST045,PROD005,2023-01-12,341.82,342618.76,Paid,Cancelled
ORD000039,CUST052,PROD004,2023-01-12,473.29,776012.2,Pending,Pending
ORD000040,CUST031,PROD000,2023-01-12,542.14,179513.2,Failed,Active
ORD000041,CUST014,PROD001,2023-01-13,438.77,799535.63,Paid,Active
ORD000042,CUST025,PROD007,2023-01-13,797.28,598787.75,Failed,Active
ORD000043,CUST064,PROD004,2023-01-13,455.43,792012.45,Paid,Active
ORD000044,CUST003,PROD005,2023-01-13,220.16,421684.63,Paid,Pending
ORD000045,CUST076,PROD002,2023-01-13,437.21,977654.58,Pending,Pending
ORD000046,CUST095,PROD001,2023-01-14,548.46,650784.81,Paid,Pending
ORD000047,CUST075,PROD000,2023-01-14,430.27,206337.01,Paid,Active
ORD000048,CUST095,PROD006,2023-01-14,784.16,571847.8,Paid,Cancelled
ORD000049,CUST082,PROD008,2023-01-14,330.08,796368.47,Paid,Cancelled
ORD000050,CUST083,PROD007,2023-01-15,459.61,930424.04,Failed,Active
ORD000051,CUST038,PROD009,2023-01-15,154.28,892161.76,Failed,Cancelled
ORD000052,CUST009,PROD003,2023-01-15,179.81,666226.06,Paid,Cancelled
ORD000053,CUST060,PROD008,2023-01-15,704.76,500373.11,Failed,Active
ORD000054,CUST000,PROD000,2023-01-16,524.93,183639.94,Failed,Active
ORD000055,CUST072,PROD009,2023-01-16,184.47,814955.46,Pending,Active
ORD000056,CUST030,PROD004,2023-01-17,723.33,552008.68,Pending,Pending
ORD000057,CUST003,PROD009,2023-01-17,127.45,960789.59,Pending,Active
ORD000058,CUST058,PROD002,2023-01-17,633.5,764700.12,Failed,Pending
ORD000059,CUST051,PROD008,2023-01-17,419.29,725893.39,Paid,Active
ORD000060,CUST024,PROD009,2023-01-18,228.07,703435.24,Pending,Active
ORD000061,CUST087,PROD007,2023-01-19,609.69,783030.13,Pending,Pending
ORD000062,CUST033,PROD003,2023-01-20,111.77,911677.77,Pending,Cancelled
ORD000063,CUST015,PROD000,2023-01-20,654.01,152689.39,Pending,Pending
ORD000064,CUST090,PROD005,2023-01-20,405.55,301203.3,Paid,Cancelled
ORD000065,CUST069,PROD005,2023-01-20,463.49,263552.89,Failed,Active
ORD000066,CUST082,PROD008,2023-01-20,330.08,796368.47,Pending,Cancelled
ORD000067,CUST052,PROD002,2023-01-21,472.9,938935.59,Pending,Active
ORD000068,CUST018,PROD007,2023-01-21,684.73,709333.18,Pending,Cancelled
ORD000069,CUST049,PROD002,2023-01-21,481.82,929255.84,Failed,Cancelled
ORD000070,CUST051,PROD000,2023-01-21,404.45,212527.12,Failed,Active
ORD000071,CUST092,PROD002,2023-01-21,669.19,725981.12,Paid,Cancelled
ORD000072,CUST057,PROD008,2023-01-22,704.76,500373.11,Paid,Cancelled
ORD000073,CUST044,PROD000,2023-01-23,662.62,150626.02,Failed,Active
ORD000074,CUST070,PROD005,2023-01-24,393.96,308733.39,Paid,Cancelled
ORD000075,CUST016,PROD008,2023-01-25,437.13,711798.37,Paid,Active
ORD000076,CUST054,PROD000,2023-01-26,524.93,183639.94,Failed,Active
ORD000077,CUST088,PROD006,2023-01-26,695.94,645371.09,Failed,Active
ORD000078,CUST098,PROD001,2023-01-27,377.07,883207.96,Paid,Cancelled
ORD000079,CUST096,PROD007,2023-01-28,572.17,819878.61,Pending,Active
ORD000080,CUST016,PROD008,2023-01-28,437.13,711798.37,Failed,Cancelled
ORD000081,CUST076,PROD008,2023-01-28,437.13,711798.37,Paid,Pending
ORD000082,CUST010,PROD001,2023-01-29,363.36,901801.81,Pending,Cancelled
ORD000083,CUST041,PROD002,2023-01-29,330.14,1093811.56,Failed,Cancelled
ORD000084,CUST024,PROD006,2023-01-29,666.54,669878.85,Failed,Active
ORD000085,CUST002,PROD006,2023-01-29,460.69,841433.19,Failed,Cancelled
ORD000086,CUST021,PROD005,2023-01-29,382.38,316263.47,Failed,Cancelled
ORD000087,CUST067,PROD004,2023-01-30,705.47,568008.93,Paid,Cancelled
ORD000088,CUST086,PROD003,2023-01-31,174.95,683758.33,Failed,Pending
ORD000089,CUST021,PROD001,2023-01-31,452.48,780941.78,Failed,Pending
ORD000090,CUST058,PROD007,2023-02-01,665.97,727757.42,Pending,Cancelled
ORD000091,CUST049,PROD000,2023-02-01,464.69,198083.53,Paid,Pending
ORD000092,CUST040,PROD009,2023-02-01,144.22,917897.2,Paid,Cancelled
ORD000093,CUST077,PROD000,2023-02-01,619.59,160942.87,Paid,Pending
ORD000094,CUST020,PROD008,2023-02-02,588.79,591990.72,Paid,Pending
ORD000095,CUST095,PROD000,2023-02-02,688.43,144435.91,Paid,Active
ORD000096,CUST096,PROD007,2023-02-02,572.17,819878.61,Paid,Pending
ORD000097,CUST036,PROD008,2023-02-03,330.08,796368.47,Failed,Active
ORD000098,CUST063,PROD006,2023-02-03,686.14,653540.34,Failed,Pending
ORD000099,CUST059,PROD001,2023-02-03,500.47,715863.29,Paid,Cancelled
ORD000100,CUST013,PROD006,2023-02-03,676.34,661709.6,Paid,Active
ORD000101,CUST070,PROD003,2023-02-04,165.23,718822.86,Paid,Active
ORD000102,CUST029,PROD006,2023-02-04,401.88,890448.72,Pending,Active
ORD000103,CUST051,PROD002,2023-02-04,419.36,997014.07,Failed,Pending
ORD000104,CUST069,PROD003,2023-02-05,194.38,613629.27,Paid,Active
ORD000105,CUST016,PROD006,2023-02-05,480.3,825094.68,Pending,Pending
ORD000106,CUST004,PROD005,2023-02-05,225.95,417919.58,Pending,Cancelled
ORD000107,CUST090,PROD000,2023-02-06,602.38,165069.61,Paid,Cancelled
ORD000108,CUST076,PROD007,2023-02-06,459.61,930424.04,Paid,Cancelled
ORD000109,CUST073,PROD009,2023-02-06,167.7,857847.85,Failed,Cancelled
ORD000110,CUST007,PROD008,2023-02-07,365.76,768178.44,Failed,Cancelled
ORD000111,CUST009,PROD001,2023-02-07,507.33,706566.37,Failed,Pending
ORD000112,CUST032,PROD004,2023-02-07,526.87,728011.45,Failed,Active
ORD000113,CUST087,PROD001,2023-02-07,445.63,790238.7,Pending,Cancelled
ORD000114,CUST012,PROD008,2023-02-08,686.92,514468.13,Pending,Pending
ORD000115,CUST061,PROD007,2023-02-09,506.51,884363.44,Pending,Cancelled
ORD000116,CUST057,PROD007,2023-02-09,741.0,654060.46,Failed,Cancelled
ORD000117,CUST089,PROD002,2023-02-09,624.58,774379.86,Failed,Active
ORD000118,CUST006,PROD000,2023-02-09,456.09,200146.9,Pending,Cancelled
ORD000119,CUST073,PROD008,2023-02-10,446.05,704750.86,Paid,Active
ORD000120,CUST004,PROD004,2023-02-10,348.27,888013.96,Paid,Cancelled
ORD000121,CUST090,PROD000,2023-02-10,602.38,165069.61,Paid,Active
ORD000122,CUST099,PROD003,2023-02-10,157.94,745121.25,Paid,Active
ORD000123,CUST065,PROD000,2023-02-10,421.66,208400.38,Pending,Cancelled
ORD000124,CUST084,PROD000,2023-02-11,628.19,158879.5,Pending,Active
ORD000125,CUST049,PROD005,2023-02-11,312.85,361443.96,Failed,Cancelled
ORD000126,CUST033,PROD001,2023-02-11,315.37,966880.29,Paid,Active
ORD000127,CUST077,PROD004,2023-02-12,642.96,624009.81,Paid,Active
ORD000128,CUST031,PROD002,2023-02-13,562.12,842138.1,Failed,Pending
ORD000129,CUST067,PROD000,2023-02-13,679.83,146499.28,Pending,Cancelled
ORD000130,CUST090,PROD002,2023-02-14,624.58,774379.86,Pending,Pending
ORD000131,CUST039,PROD000,2023-02-14,413.06,210463.75,Paid,Pending
ORD000132,CUST068,PROD009,2023-02-14,207.95,754906.11,Failed,Active
ORD000133,CUST005,PROD008,2023-02-15,651.23,542658.16,Pending,Pending
ORD000134,CUST033,PROD002,2023-02-15,410.44,1006693.82,Paid,Pending
ORD000135,CUST088,PROD007,2023-02-15,665.97,727757.42,Pending,Cancelled
ORD000136,CUST018,PROD004,2023-02-15,651.89,616009.69,Paid,Cancelled
ORD000137,CUST096,PROD009,2023-02-15,204.59,763484.59,Paid,Active
ORD000138,CUST097,PROD004,2023-02-16,312.55,920014.47,Failed,Pending
ORD000139,CUST009,PROD000,2023-02-16,636.8,156816.13,Paid,Cancelled
ORD000140,CUST001,PROD009,2023-02-17,177.76,832112.41,Paid,Active
ORD000141,CUST099,PROD001,2023-02-17,445.63,790238.7,Pending,Pending
ORD000142,CUST043,PROD000,2023-02-17,361.43,222843.97,Paid,Cancelled
ORD000143,CUST042,PROD001,2023-02-18,390.78,864614.11,Failed,Active
ORD000144,CUST036,PROD008,2023-02-18,330.08,796368.47,Paid,Active
ORD000145,CUST081,PROD001,2023-02-19,500.47,715863.29,Failed,Active
ORD000146,CUST013,PROD001,2023-02-20,473.05,753051.0,Failed,Cancelled
ORD000147,CUST030,PROD006,2023-02-20,793.96,563678.55,Paid,Cancelled
ORD000148,CUST073,PROD003,2023-02-21,121.49,876613.24,Pending,Cancelled
ORD000149,CUST085,PROD006,2023-02-22,735.15,612694.07,Pending,Cancelled
ORD000150,CUST027,PROD000,2023-02-22,585.17,169196.35,Pending,Pending
ORD000151,CUST080,PROD006,2023-02-22,725.35,620863.33,Pending,Cancelled
ORD000152,CUST091,PROD006,2023-02-22,578.32,743402.14,Failed,Pending
ORD000153,CUST007,PROD005,2023-02-23,237.54,410389.5,Paid,Pending
ORD000154,CUST037,PROD000,2023-02-23,344.22,226970.71,Failed,Active
ORD000155,CUST036,PROD009,2023-02-23,124.1,969368.07,Pending,Pending
ORD000156,CUST027,PROD009,2023-02-24,228.07,703435.24,Paid,Active
ORD000157,CUST097,PROD003,2023-02-25,85.04,1008105.23,Pending,Cancelled
ORD000158,CUST010,PROD006,2023-02-25,519.51,792417.67,Failed,Pending
ORD000159,CUST099,PROD002,2023-02-25,579.97,822778.61,Paid,Pending
ORD000160,CUST056,PROD002,2023-02-25,588.89,813098.86,Pending,Pending
ORD000161,CUST080,PROD009,2023-02-25,248.2,651964.37,Failed,Active
ORD000162,CUST063,PROD001,2023-02-26,479.91,743754.07,Failed,Active
ORD000163,CUST016,PROD004,2023-02-26,437.57,808012.71,Pending,Active
ORD000164,CUST085,PROD000,2023-02-26,645.4,154752.76,Failed,Active
ORD000165,CUST023,PROD006,2023-02-26,578.32,743402.14,Failed,Active
ORD000166,CUST030,PROD000,2023-02-27,697.04,142372.54,Paid,Active
ORD000167,CUST014,PROD009,2023-02-27,214.66,737749.15,Failed,Cancelled
ORD000168,CUST050,PROD000,2023-02-28,421.66,208400.38,Failed,Cancelled
ORD000169,CUST003,PROD001,2023-02-28,260.52,1041255.7,Paid,Pending
ORD000170,CUST010,PROD007,2023-02-28,497.13,893575.56,Failed,Active
ORD000171,CUST093,PROD008,2023-02-28,731.52,479230.58,Pending,Active
ORD000172,CUST033,PROD003,2023-03-01,111.77,911677.77,Paid,Pending
ORD000173,CUST075,PROD002,2023-03-01,446.13,967974.83,Failed,Cancelled
ORD000174,CUST067,PROD005,2023-03-01,457.69,267317.93,Pending,Pending
ORD000175,CUST080,PROD006,2023-03-01,725.35,620863.33,Pending,Cancelled
ORD000176,CUST031,PROD004,2023-03-02,562.59,696010.94,Failed,Cancelled
ORD000177,CUST040,PROD004,2023-03-02,383.99,856013.46,Failed,Pending
ORD000178,CUST024,PROD000,2023-03-03,585.17,169196.35,Pending,Pending
ORD000179,CUST036,PROD006,2023-03-03,362.67,923125.74,Pending,Cancelled
ORD000180,CUST048,PROD004,2023-03-03,732.26,544008.55,Paid,Pending
ORD000181,CUST059,PROD004,2023-03-04,651.89,616009.69,Failed,Active
ORD000182,CUST034,PROD003,2023-03-04,187.09,639927.67,Paid,Pending
ORD000183,CUST044,PROD008,2023-03-04,686.92,514468.13,Failed,Pending
ORD000184,CUST054,PROD006,2023-03-04,597.92,727063.63,Paid,Cancelled
ORD000185,CUST059,PROD000,2023-03-05,628.19,158879.5,Failed,Pending
ORD000186,CUST065,PROD004,2023-03-06,437.57,808012.71,Failed,Cancelled
ORD000187,CUST065,PROD008,2023-03-06,437.13,711798.37,Paid,Cancelled
ORD000188,CUST069,PROD005,2023-03-06,463.49,263552.89,Failed,Active
ORD000189,CUST066,PROD001,2023-03-07,438.77,799535.63,Pending,Active
ORD000190,CUST007,PROD000,2023-03-07,352.82,224907.34,Failed,Active
ORD000191,CUST020,PROD009,2023-03-07,221.36,720592.19,Paid,Active
ORD000192,CUST025,PROD003,2023-03-08,206.53,569798.61,Failed,Pending
ORD000193,CUST085,PROD005,2023-03-08,434.52,282378.1,Failed,Pending
ORD000194,CUST003,PROD002,2023-03-08,339.06,1084131.81,Pending,Pending
ORD000195,CUST070,PROD005,2023-03-08,393.96,308733.39,Paid,Active
ORD000196,CUST097,PROD005,2023-03-08,202.78,432979.75,Pending,Cancelled
ORD000197,CUST038,PROD008,2023-03-09,410.37,732940.89,Failed,Active
ORD000198,CUST007,PROD001,2023-03-09,281.09,1013364.92,Paid,Cancelled
ORD000199,CUST004,PROD000,2023-03-10,335.61,229034.08,Pending,Pending
ORD000200,CUST021,PROD008,2023-03-10,588.79,591990.72,Paid,Cancelled
ORD000201,CUST019,PROD009,2023-03-10,271.67,591915.02,Pending,Pending
ORD000202,CUST051,PROD007,2023-03-10,440.85,948848.28,Failed,Active
ORD000203,CUST015,PROD007,2023-03-11,712.86,681696.82,Paid,Active
ORD000204,CUST054,PROD007,2023-03-11,572.17,819878.61,Pending,Active
ORD000205,CUST073,PROD008,2023-03-12,446.05,704750.86,Pending,Active
ORD000206,CUST045,PROD003,2023-03-12,143.36,797718.05,Failed,Cancelled
ORD000207,CUST090,PROD007,2023-03-12,656.59,736969.54,Pending,Cancelled
ORD000208,CUST048,PROD000,2023-03-13,705.64,140309.17,Failed,Cancelled
ORD000209,CUST096,PROD002,2023-03-13,544.28,861497.6,Pending,Cancelled
ORD000210,CUST062,PROD003,2023-03-13,189.52,631161.53,Failed,Active
ORD000211,CUST060,PROD007,2023-03-14,741.0,654060.46,Paid,Cancelled
ORD000212,CUST011,PROD004,2023-03-14,553.66,704011.07,Paid,Active
ORD000213,CUST093,PROD007,2023-03-14,769.14,626424.11,Failed,Pending
ORD000214,CUST049,PROD007,2023-03-14,506.51,884363.44,Pending,Active
ORD000215,CUST030,PROD006,2023-03-14,793.96,563678.55,Pending,Cancelled
ORD000216,CUST076,PROD007,2023-03-15,459.61,930424.04,Paid,Cancelled
ORD000217,CUST059,PROD002,2023-03-15,651.35,745340.62,Pending,Pending
ORD000218,CUST052,PROD004,2023-03-15,473.29,776012.2,Paid,Active
ORD000219,CUST015,PROD002,2023-03-15,678.12,716301.37,Failed,Pending
ORD000220,CUST008,PROD001,2023-03-15,575.89,613597.11,Paid,Active
ORD000221,CUST050,PROD008,2023-03-16,437.13,711798.37,Paid,Cancelled
ORD000222,CUST022,PROD003,2023-03-16,170.09,701290.59,Paid,Cancelled
ORD000223,CUST023,PROD003,2023-03-16,143.36,797718.05,Failed,Cancelled
ORD000224,CUST021,PROD008,2023-03-17,588.79,591990.72,Failed,Pending
ORD000225,CUST002,PROD009,2023-03-17,157.64,883583.29,Pending,Pending
ORD000226,CUST076,PROD009,2023-03-17,164.35,866426.33,Paid,Active
ORD000227,CUST037,PROD000,2023-03-17,344.22,226970.71,Paid,Pending
ORD000228,CUST028,PROD000,2023-03-18,456.09,200146.9,Paid,Cancelled
ORD000229,CUST011,PROD004,2023-03-19,553.66,704011.07,Failed,Cancelled
ORD000230,CUST020,PROD002,2023-03-19,588.89,813098.86,Failed,Active
ORD000231,CUST083,PROD003,2023-03-19,119.06,885379.37,Pending,Active
ORD000232,CUST000,PROD009,2023-03-20,204.59,763484.59,Failed,Pending
ORD000233,CUST006,PROD000,2023-03-21,456.09,200146.9,Pending,Pending
ORD000234,CUST094,PROD006,2023-03-21,715.55,629032.58,Failed,Active
ORD000235,CUST089,PROD000,2023-03-22,602.38,165069.61,Paid,Cancelled
ORD000236,CUST027,PROD001,2023-03-22,466.19,762347.92,Pending,Active
ORD000237,CUST051,PROD008,2023-03-22,419.29,725893.39,Pending,Cancelled
ORD000238,CUST042,PROD001,2023-03-23,390.78,864614.11,Failed,Pending
ORD000239,CUST046,PROD001,2023-03-23,239.95,1069146.48,Failed,Active
ORD000240,CUST009,PROD003,2023-03-23,179.81,666226.06,Pending,Cancelled
ORD000241,CUST082,PROD006,2023-03-23,362.67,923125.74,Pending,Cancelled
ORD000242,CUST019,PROD004,2023-03-23,723.33,552008.68,Failed,Pending
ORD000243,CUST046,PROD005,2023-03-24,202.78,432979.75,Pending,Cancelled
ORD000244,CUST091,PROD009,2023-03-24,197.89,780641.54,Failed,Active
ORD000245,CUST074,PROD006,2023-03-24,656.73,678048.11,Pending,Cancelled
ORD000246,CUST013,PROD008,2023-03-24,615.55,570848.2,Pending,Cancelled
ORD000247,CUST085,PROD006,2023-03-25,735.15,612694.07,Failed,Cancelled
ORD000248,CUST064,PROD008,2023-03-25,454.97,697703.35,Failed,Pending
ORD000249,CUST052,PROD009,2023-03-25,177.76,832112.41,Paid,Active
ORD000250,CUST044,PROD002,2023-03-26,687.04,706621.63,Paid,Cancelled
ORD000251,CUST001,PROD003,2023-03-26,128.78,850314.84,Pending,Cancelled
ORD000252,CUST048,PROD001,2023-03-26,562.18,632190.96,Paid,Cancelled
ORD000253,CUST044,PROD008,2023-03-26,686.92,514468.13,Pending,Cancelled
ORD000254,CUST034,PROD005,2023-03-26,446.11,274848.01,Pending,Active
ORD000255,CUST019,PROD009,2023-03-27,271.67,591915.02,Pending,Cancelled
ORD000256,CUST076,PROD003,2023-03-27,119.06,885379.37,Failed,Active
ORD000257,CUST056,PROD003,2023-03-27,160.37,736355.12,Paid,Cancelled
ORD000258,CUST008,PROD008,2023-03-27,749.36,465135.57,Failed,Pending
ORD000259,CUST037,PROD000,2023-03-28,344.22,226970.71,Pending,Active
ORD000260,CUST042,PROD003,2023-03-29,138.5,815250.31,Paid,Cancelled
ORD000261,CUST059,PROD005,2023-03-29,422.93,289908.18,Failed,Active
ORD000262,CUST009,PROD008,2023-03-29,660.15,535610.65,Failed,Pending
ORD000263,CUST054,PROD005,2023-03-29,353.41,335088.68,Pending,Active
ORD000264,CUST052,PROD003,2023-03-29,128.78,850314.84,Paid,Active
ORD000265,CUST024,PROD004,2023-03-30,607.24,656010.32,Pending,Active
ORD000266,CUST019,PROD000,2023-03-30,697.04,142372.54,Failed,Pending
ORD000267,CUST097,PROD000,2023-03-30,301.19,237287.56,Paid,Active
ORD000268,CUST060,PROD002,2023-03-31,704.89,687262.13,Pending,Active
ORD000269,CUST083,PROD002,2023-03-31,437.21,977654.58,Pending,Cancelled
ORD000270,CUST040,PROD002,2023-03-31,383.67,1035733.07,Pending,Pending
ORD000271,CUST052,PROD001,2023-03-31,363.36,901801.81,Failed,Pending
ORD000272,CUST044,PROD000,2023-03-31,662.62,150626.02,Failed,Active
ORD000273,CUST087,PROD006,2023-04-01,637.13,694386.62,Paid,Pending
ORD000274,CUST079,PROD000,2023-04-02,619.59,160942.87,Pending,Active
ORD000275,CUST084,PROD000,2023-04-02,628.19,158879.5,Paid,Pending
ORD000276,CUST067,PROD000,2023-04-02,679.83,146499.28,Paid,Pending
ORD000277,CUST077,PROD000,2023-04-02,619.59,160942.87,Failed,Active
ORD000278,CUST008,PROD002,2023-04-03,749.5,638863.39,Paid,Pending
ORD000279,CUST051,PROD004,2023-04-03,419.71,824012.96,Pending,Cancelled
ORD000280,CUST071,PROD002,2023-04-03,669.19,725981.12,Paid,Cancelled
ORD000281,CUST009,PROD003,2023-04-03,179.81,666226.06,Failed,Pending
ORD000282,CUST001,PROD004,2023-04-03,473.29,776012.2,Pending,Active
ORD000283,CUST001,PROD001,2023-04-04,363.36,901801.81,Paid,Active
ORD000284,CUST015,PROD009,2023-04-04,254.9,634807.41,Paid,Cancelled
ORD000285,CUST061,PROD009,2023-04-05,181.12,823533.94,Paid,Cancelled
ORD000286,CUST099,PROD008,2023-04-05,579.87,599038.23,Pending,Active
ORD000287,CUST004,PROD006,2023-04-05,382.28,906787.23,Pending,Cancelled
ORD000288,CUST060,PROD007,2023-04-05,741.0,654060.46,Paid,Active
ORD000289,CUST045,PROD002,2023-04-05,526.43,880857.1,Failed,Active
ORD000290,CUST052,PROD006,2023-04-06,519.51,792417.67,Pending,Cancelled
ORD000291,CUST080,PROD009,2023-04-06,248.2,651964.37,Failed,Pending
ORD000292,CUST038,PROD004,2023-04-06,410.78,832013.08,Paid,Pending
ORD000293,CUST043,PROD001,2023-04-07,287.94,1004068.0,Failed,Pending
ORD000294,CUST068,PROD002,2023-04-07,553.2,851817.85,Failed,Cancelled
ORD000295,CUST040,PROD003,2023-04-07,104.48,937976.17,Failed,Cancelled
ORD000296,CUST039,PROD000,2023-04-07,413.06,210463.75,Failed,Pending
ORD000297,CUST027,PROD004,2023-04-07,607.24,656010.32,Paid,Active
ORD000298,CUST041,PROD003,2023-04-08,89.9,990572.96,Failed,Active
ORD000299,CUST031,PROD007,2023-04-08,590.93,801454.37,Pending,Cancelled
ORD000300,CUST059,PROD006,2023-04-09,715.55,629032.58,Failed,Active
ORD000301,CUST016,PROD001,2023-04-09,335.93,938989.52,Pending,Cancelled
ORD000302,CUST014,PROD004,2023-04-09,571.52,688010.82,Paid,Active
ORD000303,CUST050,PROD009,2023-04-09,164.35,866426.33,Failed,Cancelled
ORD000304,CUST039,PROD008,2023-04-09,428.21,718845.88,Pending,Cancelled
ORD000305,CUST024,PROD002,2023-04-10,606.74,793739.36,Failed,Active
ORD000306,CUST079,PROD001,2023-04-11,493.62,725160.22,Paid,Pending
ORD000307,CUST064,PROD007,2023-04-11,478.37,911999.8,Failed,Cancelled
ORD000308,CUST025,PROD006,2023-04-11,833.17,531001.53,Paid,Active
ORD000309,CUST031,PROD001,2023-04-11,431.92,808832.55,Paid,Cancelled
ORD000310,CUST039,PROD000,2023-04-12,413.06,210463.75,Failed,Pending
ORD000311,CUST069,PROD000,2023-04-12,688.43,144435.91,Failed,Active
ORD000312,CUST069,PROD004,2023-04-12,714.4,560008.81,Failed,Cancelled
ORD000313,CUST058,PROD002,2023-04-13,633.5,764700.12,Paid,Pending
ORD000314,CUST066,PROD005,2023-04-13,370.79,323793.55,Pending,Active
ORD000315,CUST079,PROD009,2023-04-13,241.49,669121.32,Failed,Pending
ORD000316,CUST026,PROD008,2023-04-14,713.68,493325.6,Pending,Cancelled
ORD000317,CUST085,PROD007,2023-04-14,703.49,690908.94,Pending,Pending
ORD000318,CUST024,PROD000,2023-04-14,585.17,169196.35,Failed,Active
ORD000319,CUST065,PROD007,2023-04-14,459.61,930424.04,Paid,Cancelled
ORD000320,CUST038,PROD002,2023-04-15,410.44,1006693.82,Pending,Cancelled
ORD000321,CUST090,PROD008,2023-04-15,624.47,563800.69,Failed,Pending
ORD000322,CUST038,PROD000,2023-04-15,395.85,214590.49,Pending,Pending
ORD000323,CUST092,PROD007,2023-04-15,703.49,690908.94,Failed,Cancelled
ORD000324,CUST093,PROD009,2023-04-16,275.03,583336.54,Paid,Cancelled
ORD000325,CUST038,PROD001,2023-04-16,315.37,966880.29,Paid,Pending
ORD000326,CUST053,PROD000,2023-04-17,473.3,196020.16,Paid,Cancelled
ORD000327,CUST001,PROD009,2023-04-17,177.76,832112.41,Failed,Pending
ORD000328,CUST025,PROD002,2023-04-17,758.42,629183.64,Pending,Cancelled
ORD000329,CUST088,PROD006,2023-04-17,695.94,645371.09,Failed,Pending
ORD000330,CUST018,PROD007,2023-04-18,684.73,709333.18,Failed,Active
ORD000331,CUST018,PROD000,2023-04-18,628.19,158879.5,Paid,Pending
ORD000332,CUST036,PROD009,2023-04-19,124.1,969368.07,Pending,Cancelled
ORD000333,CUST084,PROD002,2023-04-20,651.35,745340.62,Failed,Active
ORD000334,CUST022,PROD002,2023-04-20,624.58,774379.86,Paid,Active
ORD000335,CUST086,PROD004,2023-04-20,642.96,624009.81,Pending,Cancelled
ORD000336,CUST066,PROD005,2023-04-20,370.79,323793.55,Pending,Pending
ORD000337,CUST042,PROD005,2023-04-20,330.24,350148.84,Pending,Cancelled
ORD000338,CUST000,PROD006,2023-04-21,597.92,727063.63,Paid,Cancelled
ORD000339,CUST057,PROD000,2023-04-21,679.83,146499.28,Failed,Pending
ORD000340,CUST050,PROD007,2023-04-21,459.61,930424.04,Pending,Pending
ORD000341,CUST082,PROD007,2023-04-21,347.05,1040969.47,Failed,Cancelled
ORD000342,CUST086,PROD004,2023-04-21,642.96,624009.81,Failed,Pending
ORD000343,CUST029,PROD002,2023-04-22,365.83,1055092.56,Failed,Pending
ORD000344,CUST019,PROD001,2023-04-22,555.32,641487.89,Failed,Pending
ORD000345,CUST020,PROD008,2023-04-23,588.79,591990.72,Pending,Active
ORD000346,CUST033,PROD004,2023-04-23,410.78,832013.08,Pending,Active
ORD000347,CUST049,PROD005,2023-04-24,312.85,361443.96,Pending,Pending
ORD000348,CUST023,PROD006,2023-04-24,578.32,743402.14,Paid,Pending
ORD000349,CUST035,PROD002,2023-04-25,490.74,919576.09,Paid,Cancelled
ORD000350,CUST041,PROD009,2023-04-25,124.1,969368.07,Failed,Pending
ORD000351,CUST043,PROD001,2023-04-26,287.94,1004068.0,Paid,Cancelled
ORD000352,CUST025,PROD009,2023-04-27,285.09,557601.1,Pending,Active
ORD000353,CUST008,PROD003,2023-04-27,204.1,578564.74,Failed,Active
ORD000354,CUST006,PROD001,2023-04-27,363.36,901801.81,Pending,Cancelled
ORD000355,CUST030,PROD005,2023-04-27,469.28,259787.85,Paid,Active
ORD000356,CUST084,PROD000,2023-04-28,628.19,158879.5,Pending,Pending
ORD000357,CUST002,PROD003,2023-04-28,114.2,902911.64,Pending,Active
ORD000358,CUST077,PROD002,2023-04-29,642.43,755020.37,Paid,Active
ORD000359,CUST072,PROD004,2023-04-29,491.15,760011.95,Failed,Pending
ORD000360,CUST099,PROD007,2023-04-29,609.69,783030.13,Failed,Pending
ORD000361,CUST071,PROD004,2023-04-29,669.75,600009.43,Pending,Pending
ORD000362,CUST000,PROD001,2023-04-29,418.2,827426.41,Paid,Active
ORD000363,CUST049,PROD007,2023-04-30,506.51,884363.44,Paid,Cancelled
ORD000364,CUST014,PROD006,2023-04-30,627.33,702555.87,Pending,Cancelled
ORD000365,CUST045,PROD005,2023-04-30,341.82,342618.76,Failed,Cancelled
ORD000366,CUST093,PROD004,2023-04-30,732.26,544008.55,Pending,Cancelled
ORD000367,CUST043,PROD008,2023-05-01,374.68,761130.93,Failed,Cancelled
ORD000368,CUST059,PROD004,2023-05-01,651.89,616009.69,Failed,Cancelled
ORD000369,CUST070,PROD007,2023-05-01,637.83,755393.77,Paid,Active
ORD000370,CUST066,PROD005,2023-05-01,370.79,323793.55,Paid,Pending
ORD000371,CUST017,PROD009,2023-05-02,147.58,909318.72,Failed,Cancelled
ORD000372,CUST089,PROD002,2023-05-02,624.58,774379.86,Paid,Pending
ORD000373,CUST040,PROD008,2023-05-02,383.6,754083.42,Paid,Cancelled
ORD000374,CUST070,PROD009,2023-05-03,228.07,703435.24,Paid,Active
ORD000375,CUST054,PROD008,2023-05-04,544.18,627228.27,Failed,Cancelled
ORD000376,CUST022,PROD000,2023-05-04,602.38,165069.61,Pending,Cancelled
ORD000377,CUST022,PROD002,2023-05-04,624.58,774379.86,Pending,Cancelled
ORD000378,CUST083,PROD003,2023-05-04,119.06,885379.37,Failed,Pending
ORD000379,CUST038,PROD006,2023-05-04,450.89,849602.45,Paid,Active
ORD000380,CUST009,PROD006,2023-05-05,725.35,620863.33,Failed,Cancelled
ORD000381,CUST015,PROD006,2023-05-06,744.95,604524.82,Paid,Active
ORD000382,CUST036,PROD001,2023-05-06,253.66,1050552.63,Paid,Active
ORD000383,CUST062,PROD002,2023-05-06,695.96,696941.88,Paid,Cancelled
ORD000384,CUST004,PROD007,2023-05-07,365.81,1022545.23,Paid,Active
ORD000385,CUST037,PROD001,2023-05-07,274.23,1022661.85,Failed,Pending
ORD000386,CUST047,PROD002,2023-05-08,678.12,716301.37,Pending,Pending
ORD000387,CUST011,PROD008,2023-05-08,553.1,620180.76,Paid,Active
ORD000388,CUST012,PROD004,2023-05-08,687.61,584009.18,Paid,Pending
ORD000389,CUST065,PROD001,2023-05-09,335.93,938989.52,Pending,Active
ORD000390,CUST042,PROD005,2023-05-09,330.24,350148.84,Pending,Pending
ORD000391,CUST026,PROD001,2023-05-09,548.46,650784.81,Pending,Pending
ORD000392,CUST097,PROD007,2023-05-10,328.29,1059393.71,Failed,Pending
ORD000393,CUST028,PROD008,2023-05-10,472.81,683608.33,Pending,Pending
ORD000394,CUST014,PROD007,2023-05-10,600.31,792242.25,Failed,Pending
ORD000395,CUST094,PROD002,2023-05-11,651.35,745340.62,Failed,Pending
ORD000396,CUST015,PROD000,2023-05-11,654.01,152689.39,Failed,Pending
ORD000397,CUST043,PROD009,2023-05-11,140.87,926475.68,Paid,Pending
ORD000398,CUST053,PROD004,2023-05-12,491.15,760011.95,Pending,Cancelled
ORD000399,CUST074,PROD007,2023-05-12,628.45,764605.89,Paid,Pending
ORD000400,CUST010,PROD008,2023-05-13,472.81,683608.33,Failed,Cancelled
ORD000401,CUST064,PROD009,2023-05-13,171.05,849269.37,Paid,Pending
ORD000402,CUST044,PROD005,2023-05-13,446.11,274848.01,Paid,Cancelled
ORD000403,CUST022,PROD000,2023-05-13,602.38,165069.61,Failed,Cancelled
ORD000404,CUST094,PROD007,2023-05-14,684.73,709333.18,Paid,Active
ORD000405,CUST077,PROD008,2023-05-14,642.31,549705.67,Failed,Cancelled
ORD000406,CUST031,PROD003,2023-05-14,153.08,762653.52,Failed,Active
ORD000407,CUST048,PROD001,2023-05-14,562.18,632190.96,Paid,Cancelled
ORD000408,CUST021,PROD005,2023-05-15,382.38,316263.47,Paid,Active
ORD000409,CUST028,PROD002,2023-05-15,472.9,938935.59,Paid,Active
ORD000410,CUST055,PROD002,2023-05-15,615.66,784059.61,Pending,Cancelled
ORD000411,CUST064,PROD004,2023-05-15,455.43,792012.45,Pending,Active
ORD000412,CUST032,PROD000,2023-05-16,507.72,187766.68,Failed,Active
ORD000413,CUST005,PROD003,2023-05-16,177.38,674992.19,Paid,Pending
ORD000414,CUST061,PROD002,2023-05-17,481.82,929255.84,Pending,Cancelled
ORD000415,CUST036,PROD009,2023-05-17,124.1,969368.07,Pending,Active
ORD000416,CUST056,PROD003,2023-05-17,160.37,736355.12,Paid,Cancelled
ORD000417,CUST037,PROD005,2023-05-17,231.74,414154.54,Failed,Cancelled
ORD000418,CUST018,PROD000,2023-05-18,628.19,158879.5,Failed,Active
ORD000419,CUST055,PROD004,2023-05-18,616.17,648010.19,Pending,Cancelled
ORD000420,CUST062,PROD004,2023-05-19,696.54,576009.06,Failed,Pending
ORD000421,CUST054,PROD000,2023-05-19,524.93,183639.94,Pending,Pending
ORD000422,CUST014,PROD005,2023-05-19,370.79,323793.55,Pending,Pending
ORD000423,CUST086,PROD008,2023-05-19,642.31,549705.67,Pending,Active
ORD000424,CUST021,PROD004,2023-05-20,589.38,672010.57,Paid,Active
ORD000425,CUST026,PROD006,2023-05-20,784.16,571847.8,Failed,Cancelled
ORD000426,CUST055,PROD005,2023-05-20,399.76,304968.35,Pending,Cancelled
ORD000427,CUST049,PROD004,2023-05-20,482.22,768012.08,Pending,Cancelled
ORD000428,CUST025,PROD000,2023-05-20,731.46,134119.06,Pending,Cancelled
ORD000429,CUST060,PROD005,2023-05-21,457.69,267317.93,Paid,Cancelled
ORD000430,CUST004,PROD005,2023-05-21,225.95,417919.58,Paid,Active
ORD000431,CUST095,PROD003,2023-05-22,194.38,613629.27,Paid,Cancelled
ORD000432,CUST083,PROD007,2023-05-22,459.61,930424.04,Pending,Cancelled
ORD000433,CUST067,PROD001,2023-05-22,541.61,660081.74,Pending,Cancelled
ORD000434,CUST033,PROD001,2023-05-22,315.37,966880.29,Pending,Cancelled
ORD000435,CUST062,PROD000,2023-05-22,671.22,148562.65,Failed,Active
ORD000436,CUST049,PROD009,2023-05-23,181.12,823533.94,Pending,Active
ORD000437,CUST024,PROD004,2023-05-23,607.24,656010.32,Failed,Pending
ORD000438,CUST084,PROD003,2023-05-23,177.38,674992.19,Paid,Pending
ORD000439,CUST049,PROD006,2023-05-23,529.31,784248.41,Pending,Cancelled
ORD000440,CUST075,PROD005,2023-05-24,289.68,376504.13,Pending,Cancelled
ORD000441,CUST063,PROD005,2023-05-24,405.55,301203.3,Pending,Pending
ORD000442,CUST036,PROD005,2023-05-24,214.36,425449.67,Failed,Cancelled
ORD000443,CUST081,PROD003,2023-05-24,177.38,674992.19,Failed,Pending
ORD000444,CUST050,PROD001,2023-05-24,335.93,938989.52,Paid,Pending
ORD000445,CUST026,PROD008,2023-05-25,713.68,493325.6,Failed,Cancelled
ORD000446,CUST080,PROD000,2023-05-25,636.8,156816.13,Paid,Active
ORD000447,CUST015,PROD001,2023-05-25,521.04,687972.52,Paid,Active
ORD000448,CUST096,PROD006,2023-05-25,597.92,727063.63,Failed,Active
ORD000449,CUST020,PROD009,2023-05-26,221.36,720592.19,Paid,Cancelled
ORD000450,CUST083,PROD005,2023-05-26,283.89,380269.17,Pending,Pending
ORD000451,CUST088,PROD007,2023-05-26,665.97,727757.42,Paid,Active
ORD000452,CUST092,PROD006,2023-05-26,735.15,612694.07,Paid,Cancelled
ORD000453,CUST002,PROD006,2023-05-26,460.69,841433.19,Pending,Active
ORD000454,CUST015,PROD007,2023-05-27,712.86,681696.82,Pending,Pending
ORD000455,CUST059,PROD005,2023-05-27,422.93,289908.18,Failed,Cancelled
ORD000456,CUST040,PROD009,2023-05-27,144.22,917897.2,Failed,Pending
ORD000457,CUST000,PROD005,2023-05-28,353.41,335088.68,Failed,Pending
ORD000458,CUST057,PROD003,2023-05-28,191.95,622395.4,Pending,Cancelled
ORD000459,CUST001,PROD007,2023-05-28,497.13,893575.56,Paid,Active
ORD000460,CUST067,PROD006,2023-05-29,774.36,580017.06,Failed,Cancelled
ORD000461,CUST098,PROD002,2023-05-29,490.74,919576.09,Paid,Active
ORD000462,CUST082,PROD003,2023-05-30,89.9,990572.96,Paid,Active
ORD000463,CUST067,PROD008,2023-05-30,704.76,500373.11,Failed,Pending
ORD000464,CUST053,PROD000,2023-05-30,473.3,196020.16,Paid,Pending
ORD000465,CUST078,PROD003,2023-05-30,114.2,902911.64,Pending,Active
ORD000466,CUST039,PROD005,2023-05-30,278.09,384034.21,Paid,Cancelled
ORD000467,CUST004,PROD007,2023-05-31,365.81,1022545.23,Paid,Active
ORD000468,CUST039,PROD000,2023-05-31,413.06,210463.75,Pending,Pending
ORD000469,CUST060,PROD005,2023-05-31,457.69,267317.93,Pending,Cancelled
ORD000470,CUST050,PROD008,2023-05-31,437.13,711798.37,Failed,Cancelled
ORD000471,CUST014,PROD004,2023-05-31,571.52,688010.82,Paid,Cancelled
ORD000472,CUST087,PROD002,2023-06-01,579.97,822778.61,Failed,Pending
ORD000473,CUST012,PROD009,2023-06-01,258.26,626228.93,Pending,Active
ORD000474,CUST089,PROD000,2023-06-01,602.38,165069.61,Pending,Active
ORD000475,CUST081,PROD003,2023-06-01,177.38,674992.19,Paid,Cancelled
ORD000476,CUST000,PROD007,2023-06-02,572.17,819878.61,Pending,Pending
ORD000477,CUST013,PROD005,2023-06-03,399.76,304968.35,Failed,Pending
ORD000478,CUST027,PROD006,2023-06-03,666.54,669878.85,Failed,Pending
ORD000479,CUST064,PROD000,2023-06-03,438.88,204273.64,Pending,Active
ORD000480,CUST081,PROD001,2023-06-03,500.47,715863.29,Paid,Cancelled
ORD000481,CUST088,PROD008,2023-06-03,633.39,556753.18,Pending,Cancelled
ORD000482,CUST075,PROD006,2023-06-04,490.1,816925.43,Paid,Active
ORD000483,CUST059,PROD005,2023-06-04,422.93,289908.18,Paid,Pending
ORD000484,CUST099,PROD000,2023-06-04,559.35,175386.46,Pending,Cancelled
ORD000485,CUST041,PROD008,2023-06-05,330.08,796368.47,Paid,Pending
ORD000486,CUST012,PROD006,2023-06-05,754.75,596355.56,Pending,Active
ORD000487,CUST012,PROD007,2023-06-05,722.24,672484.7,Paid,Active
ORD000488,CUST026,PROD008,2023-06-05,713.68,493325.6,Pending,Pending
ORD000489,CUST047,PROD006,2023-06-06,744.95,604524.82,Paid,Cancelled
ORD000490,CUST029,PROD008,2023-06-07,365.76,768178.44,Pending,Active
ORD000491,CUST043,PROD009,2023-06-07,140.87,926475.68,Paid,Cancelled
ORD000492,CUST029,PROD005,2023-06-08,237.54,410389.5,Failed,Cancelled
ORD000493,CUST087,PROD006,2023-06-09,637.13,694386.62,Paid,Cancelled
ORD000494,CUST053,PROD005,2023-06-09,318.65,357678.92,Failed,Cancelled
ORD000495,CUST096,PROD007,2023-06-09,572.17,819878.61,Failed,Cancelled
ORD000496,CUST009,PROD006,2023-06-09,725.35,620863.33,Pending,Cancelled
ORD000497,CUST041,PROD000,2023-06-10,318.4,233160.82,Failed,Active
ORD000498,CUST029,PROD005,2023-06-10,237.54,410389.5,Failed,Active
ORD000499,CUST072,PROD006,2023-06-11,539.11,776079.16,Failed,Active
ORD000500,CUST039,PROD009,2023-06-11,160.99,875004.81,Paid,Active
ORD000501,CUST026,PROD002,2023-06-11,713.81,677582.38,Paid,Pending
ORD000502,CUST089,PROD004,2023-06-11,625.1,640010.06,Pending,Pending
ORD000503,CUST089,PROD005,2023-06-11,405.55,301203.3,Paid,Active
ORD000504,CUST012,PROD004,2023-06-12,687.61,584009.18,Failed,Pending
ORD000505,CUST000,PROD003,2023-06-12,148.22,780185.78,Pending,Pending
ORD000506,CUST062,PROD001,2023-06-12,534.75,669378.66,Failed,Cancelled
ORD000507,CUST080,PROD004,2023-06-12,660.82,608009.56,Pending,Pending
ORD000508,CUST010,PROD008,2023-06-13,472.81,683608.33,Pending,Active
ORD000509,CUST083,PROD002,2023-06-13,437.21,977654.58,Paid,Cancelled
ORD000510,CUST050,PROD009,2023-06-13,164.35,866426.33,Pending,Cancelled
ORD000511,CUST083,PROD007,2023-06-13,459.61,930424.04,Pending,Cancelled
ORD000512,CUST074,PROD005,2023-06-13,388.17,312498.43,Paid,Cancelled
ORD000513,CUST098,PROD009,2023-06-14,184.47,814955.46,Failed,Pending
ORD000514,CUST021,PROD001,2023-06-14,452.48,780941.78,Failed,Pending
ORD000515,CUST012,PROD001,2023-06-14,527.9,678675.59,Paid,Pending
ORD000516,CUST025,PROD008,2023-06-14,758.29,458088.06,Paid,Pending
ORD000517,CUST089,PROD005,2023-06-14,405.55,301203.3,Pending,Active
ORD000518,CUST038,PROD003,2023-06-15,111.77,911677.77,Pending,Pending
ORD000519,CUST037,PROD000,2023-06-16,344.22,226970.71,Pending,Pending
ORD000520,CUST020,PROD006,2023-06-16,646.93,686217.36,Pending,Pending
ORD000521,CUST018,PROD000,2023-06-16,628.19,158879.5,Failed,Active
ORD000522,CUST052,PROD002,2023-06-17,472.9,938935.59,Paid,Cancelled
ORD000523,CUST093,PROD001,2023-06-18,562.18,632190.96,Paid,Active
ORD000524,CUST036,PROD007,2023-06-18,347.05,1040969.47,Pending,Pending
ORD000525,CUST070,PROD004,2023-06-18,607.24,656010.32,Pending,Cancelled
ORD000526,CUST048,PROD001,2023-06-18,562.18,632190.96,Failed,Active
ORD000527,CUST077,PROD006,2023-06-18,705.74,637201.84,Failed,Active
ORD000528,CUST015,PROD007,2023-06-19,712.86,681696.82,Failed,Cancelled
ORD000529,CUST053,PROD001,2023-06-19,377.07,883207.96,Paid,Active
ORD000530,CUST099,PROD001,2023-06-19,445.63,790238.7,Pending,Active
ORD000531,CUST067,PROD004,2023-06-19,705.47,568008.93,Paid,Active
ORD000532,CUST003,PROD000,2023-06-19,327.01,231097.45,Failed,Active
ORD000533,CUST059,PROD002,2023-06-20,651.35,745340.62,Paid,Active
ORD000534,CUST010,PROD001,2023-06-20,363.36,901801.81,Pending,Pending
ORD000535,CUST027,PROD008,2023-06-20,606.63,577895.71,Failed,Cancelled
ORD000536,CUST025,PROD000,2023-06-20,731.46,134119.06,Failed,Active
ORD000537,CUST012,PROD000,2023-06-21,662.62,150626.02,Failed,Pending
ORD000538,CUST028,PROD007,2023-06-21,497.13,893575.56,Pending,Pending
ORD000539,CUST021,PROD003,2023-06-22,160.37,736355.12,Paid,Pending
ORD000540,CUST004,PROD004,2023-06-22,348.27,888013.96,Paid,Cancelled
ORD000541,CUST093,PROD005,2023-06-23,475.08,256022.81,Paid,Cancelled
ORD000542,CUST095,PROD003,2023-06-23,194.38,613629.27,Paid,Pending
ORD000543,CUST031,PROD000,2023-06-23,542.14,179513.2,Failed,Active
ORD000544,CUST081,PROD005,2023-06-23,422.93,289908.18,Paid,Pending
ORD000545,CUST080,PROD005,2023-06-24,428.73,286143.14,Paid,Cancelled
ORD000546,CUST043,PROD008,2023-06-24,374.68,761130.93,Paid,Pending
ORD000547,CUST077,PROD008,2023-06-24,642.31,549705.67,Failed,Cancelled
ORD000548,CUST041,PROD004,2023-06-25,330.41,904014.22,Paid,Cancelled
ORD000549,CUST045,PROD008,2023-06-25,526.34,641323.28,Paid,Active
ORD000550,CUST003,PROD002,2023-06-25,339.06,1084131.81,Paid,Cancelled
ORD000551,CUST046,PROD008,2023-06-25,312.24,810463.49,Pending,Pending
ORD000552,CUST044,PROD006,2023-06-25,754.75,596355.56,Pending,Active
ORD000553,CUST005,PROD000,2023-06-26,628.19,158879.5,Failed,Active
ORD000554,CUST081,PROD008,2023-06-26,651.23,542658.16,Failed,Active
ORD000555,CUST069,PROD004,2023-06-27,714.4,560008.81,Pending,Pending
ORD000556,CUST059,PROD008,2023-06-27,651.23,542658.16,Failed,Pending
ORD000557,CUST052,PROD001,2023-06-27,363.36,901801.81,Failed,Pending
ORD000558,CUST025,PROD009,2023-06-27,285.09,557601.1,Pending,Cancelled
ORD000559,CUST058,PROD005,2023-06-27,411.35,297438.26,Paid,Cancelled
ORD000560,CUST009,PROD001,2023-06-28,507.33,706566.37,Failed,Cancelled
ORD000561,CUST027,PROD006,2023-06-28,666.54,669878.85,Failed,Active
ORD000562,CUST078,PROD001,2023-06-29,322.22,957583.37,Pending,Pending
ORD000563,CUST013,PROD005,2023-06-29,399.76,304968.35,Failed,Cancelled
ORD000564,CUST082,PROD003,2023-06-29,89.9,990572.96,Paid,Pending
ORD000565,CUST051,PROD006,2023-06-29,460.69,841433.19,Paid,Active
ORD000566,CUST000,PROD008,2023-06-29,544.18,627228.27,Pending,Pending
ORD000567,CUST018,PROD003,2023-06-30,177.38,674992.19,Failed,Pending
ORD000568,CUST033,PROD003,2023-06-30,111.77,911677.77,Pending,Pending
ORD000569,CUST096,PROD008,2023-06-30,544.18,627228.27,Pending,Pending
ORD000570,CUST065,PROD004,2023-06-30,437.57,808012.71,Pending,Pending
ORD000571,CUST086,PROD000,2023-06-30,619.59,160942.87,Paid,Active
ORD000572,CUST015,PROD009,2023-07-01,254.9,634807.41,Pending,Cancelled
ORD000573,CUST038,PROD007,2023-07-01,431.47,958060.4,Pending,Active
ORD000574,CUST096,PROD000,2023-07-01,524.93,183639.94,Failed,Cancelled
ORD000575,CUST061,PROD002,2023-07-01,481.82,929255.84,Pending,Cancelled
ORD000576,CUST061,PROD007,2023-07-01,506.51,884363.44,Failed,Pending
ORD000577,CUST020,PROD009,2023-07-02,221.36,720592.19,Failed,Active
ORD000578,CUST002,PROD009,2023-07-02,157.64,883583.29,Pending,Pending
ORD000579,CUST020,PROD006,2023-07-02,646.93,686217.36,Pending,Pending
ORD000580,CUST032,PROD003,2023-07-02,143.36,797718.05,Paid,Pending
ORD000581,CUST073,PROD002,2023-07-03,446.13,967974.83,Pending,Active
ORD000582,CUST036,PROD006,2023-07-03,362.67,923125.74,Pending,Active
ORD000583,CUST044,PROD000,2023-07-03,662.62,150626.02,Failed,Cancelled
ORD000584,CUST076,PROD001,2023-07-03,335.93,938989.52,Paid,Cancelled
ORD000585,CUST060,PROD008,2023-07-04,704.76,500373.11,Pending,Pending
ORD000586,CUST007,PROD006,2023-07-05,401.88,890448.72,Failed,Cancelled
ORD000587,CUST086,PROD005,2023-07-05,417.14,293673.22,Failed,Active
ORD000588,CUST012,PROD004,2023-07-06,687.61,584009.18,Paid,Cancelled
ORD000589,CUST046,PROD008,2023-07-06,312.24,810463.49,Failed,Cancelled
ORD000590,CUST065,PROD005,2023-07-06,283.89,380269.17,Pending,Cancelled
ORD000591,CUST007,PROD007,2023-07-07,384.57,1004120.99,Pending,Pending
ORD000592,CUST087,PROD004,2023-07-08,580.45,680010.69,Pending,Pending
ORD000593,CUST041,PROD007,2023-07-09,347.05,1040969.47,Failed,Cancelled
ORD000594,CUST022,PROD006,2023-07-09,686.14,653540.34,Pending,Active
ORD000595,CUST055,PROD002,2023-07-10,615.66,784059.61,Paid,Cancelled
ORD000596,CUST053,PROD008,2023-07-11,490.66,669513.32,Failed,Active
ORD000597,CUST021,PROD003,2023-07-12,160.37,736355.12,Failed,Active
ORD000598,CUST021,PROD003,2023-07-12,160.37,736355.12,Pending,Active
ORD000599,CUST084,PROD002,2023-07-12,651.35,745340.62,Failed,Active
ORD000600,CUST091,PROD006,2023-07-13,578.32,743402.14,Failed,Cancelled
ORD000601,CUST073,PROD000,2023-07-13,430.27,206337.01,Failed,Cancelled
ORD000602,CUST084,PROD006,2023-07-13,715.55,629032.58,Paid,Active
ORD000603,CUST076,PROD003,2023-07-14,119.06,885379.37,Failed,Active
ORD000604,CUST011,PROD005,2023-07-14,359.2,331323.63,Paid,Active
ORD000605,CUST044,PROD005,2023-07-15,446.11,274848.01,Paid,Pending
ORD000606,CUST055,PROD004,2023-07-16,616.17,648010.19,Paid,Cancelled
ORD000607,CUST083,PROD008,2023-07-17,437.13,711798.37,Failed,Pending
ORD000608,CUST013,PROD009,2023-07-18,231.43,694856.76,Failed,Pending
ORD000609,CUST016,PROD006,2023-07-18,480.3,825094.68,Paid,Cancelled
ORD000610,CUST028,PROD007,2023-07-19,497.13,893575.56,Failed,Cancelled
ORD000611,CUST059,PROD004,2023-07-20,651.89,616009.69,Paid,Active
ORD000612,CUST091,PROD002,2023-07-20,526.43,880857.1,Paid,Active
ORD000613,CUST043,PROD006,2023-07-21,411.68,882279.46,Paid,Cancelled
ORD000614,CUST066,PROD007,2023-07-21,600.31,792242.25,Pending,Pending
ORD000615,CUST013,PROD002,2023-07-22,615.66,784059.61,Paid,Cancelled
ORD000616,CUST065,PROD003,2023-07-22,119.06,885379.37,Pending,Active
ORD000617,CUST004,PROD009,2023-07-22,130.81,952211.11,Pending,Pending
ORD000618,CUST073,PROD004,2023-07-23,446.5,800012.58,Failed,Cancelled
ORD000619,CUST011,PROD004,2023-07-23,553.66,704011.07,Paid,Cancelled
ORD000620,CUST068,PROD002,2023-07-24,553.2,851817.85,Paid,Active
ORD000621,CUST044,PROD007,2023-07-24,722.24,672484.7,Pending,Cancelled
ORD000622,CUST009,PROD008,2023-07-25,660.15,535610.65,Failed,Pending
ORD000623,CUST079,PROD004,2023-07-25,642.96,624009.81,Failed,Active
ORD000624,CUST053,PROD002,2023-07-25,490.74,919576.09,Paid,Cancelled
ORD000625,CUST060,PROD005,2023-07-25,457.69,267317.93,Pending,Pending
ORD000626,CUST091,PROD007,2023-07-26,553.41,838302.85,Failed,Cancelled
ORD000627,CUST069,PROD005,2023-07-26,463.49,263552.89,Failed,Active
ORD000628,CUST030,PROD009,2023-07-26,271.67,591915.02,Paid,Pending
ORD000629,CUST091,PROD006,2023-07-26,578.32,743402.14,Pending,Active
ORD000630,CUST033,PROD000,2023-07-27,395.85,214590.49,Pending,Active
ORD000631,CUST051,PROD002,2023-07-27,419.36,997014.07,Paid,Pending
ORD000632,CUST087,PROD005,2023-07-27,376.58,320028.51,Failed,Cancelled
ORD000633,CUST048,PROD003,2023-07-27,199.24,596097.0,Pending,Active
ORD000634,CUST085,PROD006,2023-07-27,735.15,612694.07,Pending,Pending
ORD000635,CUST090,PROD005,2023-07-28,405.55,301203.3,Paid,Active
ORD000636,CUST027,PROD009,2023-07-28,228.07,703435.24,Failed,Active
ORD000637,CUST040,PROD008,2023-07-28,383.6,754083.42,Paid,Pending
ORD000638,CUST097,PROD008,2023-07-29,312.24,810463.49,Pending,Active
ORD000639,CUST070,PROD007,2023-07-29,637.83,755393.77,Paid,Pending
ORD000640,CUST026,PROD008,2023-07-29,713.68,493325.6,Failed,Pending
ORD000641,CUST018,PROD009,2023-07-30,244.84,660542.84,Paid,Pending
ORD000642,CUST028,PROD005,2023-07-30,307.06,365209.01,Paid,Pending
ORD000643,CUST011,PROD003,2023-07-30,150.65,771419.65,Pending,Pending
ORD000644,CUST045,PROD004,2023-07-31,526.87,728011.45,Paid,Active
ORD000645,CUST002,PROD009,2023-08-01,157.64,883583.29,Failed,Pending
ORD000646,CUST078,PROD005,2023-08-01,272.3,387799.25,Failed,Pending
ORD000647,CUST005,PROD002,2023-08-01,651.35,745340.62,Paid,Pending
ORD000648,CUST007,PROD003,2023-08-02,99.62,955508.43,Failed,Active
ORD000649,CUST007,PROD003,2023-08-03,99.62,955508.43,Pending,Cancelled
ORD000650,CUST057,PROD000,2023-08-03,679.83,146499.28,Failed,Active
ORD000651,CUST052,PROD009,2023-08-03,177.76,832112.41,Paid,Active
ORD000652,CUST018,PROD002,2023-08-04,651.35,745340.62,Failed,Active
ORD000653,CUST064,PROD008,2023-08-04,454.97,697703.35,Failed,Cancelled
ORD000654,CUST083,PROD005,2023-08-04,283.89,380269.17,Pending,Active
ORD000655,CUST063,PROD007,2023-08-05,656.59,736969.54,Pending,Active
ORD000656,CUST002,PROD005,2023-08-05,272.3,387799.25,Paid,Pending
ORD000657,CUST082,PROD004,2023-08-05,330.41,904014.22,Paid,Active
ORD000658,CUST042,PROD000,2023-08-06,490.51,191893.42,Failed,Pending
ORD000659,CUST032,PROD003,2023-08-06,143.36,797718.05,Paid,Cancelled
ORD000660,CUST077,PROD001,2023-08-06,493.62,725160.22,Failed,Pending
ORD000661,CUST018,PROD000,2023-08-07,628.19,158879.5,Pending,Active
ORD000662,CUST019,PROD003,2023-08-07,196.81,604863.14,Failed,Pending
ORD000663,CUST068,PROD009,2023-08-07,207.95,754906.11,Failed,Active
ORD000664,CUST031,PROD004,2023-08-07,562.59,696010.94,Failed,Active
ORD000665,CUST032,PROD002,2023-08-08,526.43,880857.1,Pending,Active
ORD000666,CUST007,PROD008,2023-08-08,365.76,768178.44,Pending,Active
ORD000667,CUST092,PROD003,2023-08-08,182.23,657459.93,Failed,Cancelled
ORD000668,CUST079,PROD008,2023-08-08,642.31,549705.67,Paid,Cancelled
ORD000669,CUST045,PROD003,2023-08-09,143.36,797718.05,Pending,Active
ORD000670,CUST060,PROD004,2023-08-09,705.47,568008.93,Pending,Pending
ORD000671,CUST062,PROD009,2023-08-09,261.61,617650.45,Failed,Cancelled
ORD000672,CUST036,PROD008,2023-08-09,330.08,796368.47,Paid,Active
ORD000673,CUST068,PROD009,2023-08-09,207.95,754906.11,Pending,Cancelled
ORD000674,CUST066,PROD004,2023-08-10,571.52,688010.82,Failed,Pending
ORD000675,CUST013,PROD004,2023-08-10,616.17,648010.19,Pending,Cancelled
ORD000676,CUST086,PROD001,2023-08-11,493.62,725160.22,Failed,Pending
ORD000677,CUST018,PROD003,2023-08-12,177.38,674992.19,Failed,Cancelled
ORD000678,CUST084,PROD008,2023-08-12,651.23,542658.16,Paid,Active
ORD000679,CUST041,PROD003,2023-08-12,89.9,990572.96,Paid,Pending
ORD000680,CUST094,PROD007,2023-08-12,684.73,709333.18,Pending,Pending
ORD000681,CUST082,PROD002,2023-08-13,330.14,1093811.56,Failed,Cancelled
ORD000682,CUST054,PROD001,2023-08-13,418.2,827426.41,Pending,Active
ORD000683,CUST071,PROD000,2023-08-13,645.4,154752.76,Paid,Pending
ORD000684,CUST038,PROD008,2023-08-14,410.37,732940.89,Pending,Pending
ORD000685,CUST058,PROD008,2023-08-14,633.39,556753.18,Failed,Cancelled
ORD000686,CUST063,PROD001,2023-08-14,479.91,743754.07,Failed,Cancelled
ORD000687,CUST001,PROD009,2023-08-14,177.76,832112.41,Pending,Pending
ORD000688,CUST060,PROD000,2023-08-15,679.83,146499.28,Pending,Pending
ORD000689,CUST050,PROD009,2023-08-16,164.35,866426.33,Pending,Cancelled
ORD000690,CUST089,PROD007,2023-08-16,656.59,736969.54,Pending,Pending
ORD000691,CUST030,PROD005,2023-08-16,469.28,259787.85,Failed,Active
ORD000692,CUST078,PROD005,2023-08-17,272.3,387799.25,Pending,Pending
ORD000693,CUST028,PROD002,2023-08-17,472.9,938935.59,Failed,Cancelled
ORD000694,CUST037,PROD002,2023-08-17,356.9,1064772.31,Pending,Pending
ORD000695,CUST008,PROD004,2023-08-17,750.12,528008.3,Failed,Pending
ORD000696,CUST067,PROD004,2023-08-17,705.47,568008.93,Pending,Active
ORD000697,CUST011,PROD004,2023-08-18,553.66,704011.07,Pending,Active
ORD000698,CUST066,PROD005,2023-08-18,370.79,323793.55,Paid,Active
ORD000699,CUST089,PROD004,2023-08-18,625.1,640010.06,Pending,Cancelled
ORD000700,CUST029,PROD006,2023-08-19,401.88,890448.72,Failed,Pending
ORD000701,CUST043,PROD001,2023-08-19,287.94,1004068.0,Pending,Active
ORD000702,CUST094,PROD002,2023-08-20,651.35,745340.62,Failed,Cancelled
ORD000703,CUST093,PROD005,2023-08-20,475.08,256022.81,Paid,Active
ORD000704,CUST039,PROD006,2023-08-21,470.5,833263.94,Pending,Cancelled
ORD000705,CUST049,PROD007,2023-08-21,506.51,884363.44,Failed,Pending
ORD000706,CUST081,PROD002,2023-08-21,651.35,745340.62,Pending,Cancelled
ORD000707,CUST023,PROD006,2023-08-21,578.32,743402.14,Pending,Pending
ORD000708,CUST025,PROD008,2023-08-22,758.29,458088.06,Failed,Cancelled
ORD000709,CUST058,PROD000,2023-08-22,610.98,163006.24,Failed,Cancelled
ORD000710,CUST079,PROD001,2023-08-22,493.62,725160.22,Paid,Cancelled
ORD000711,CUST000,PROD009,2023-08-22,204.59,763484.59,Failed,Pending
ORD000712,CUST011,PROD009,2023-08-22,207.95,754906.11,Pending,Pending
ORD000713,CUST029,PROD006,2023-08-23,401.88,890448.72,Pending,Cancelled
ORD000714,CUST012,PROD004,2023-08-23,687.61,584009.18,Pending,Pending
ORD000715,CUST046,PROD002,2023-08-24,312.29,1113171.05,Pending,Cancelled
ORD000716,CUST053,PROD003,2023-08-24,133.64,832782.58,Paid,Active
ORD000717,CUST065,PROD008,2023-08-24,437.13,711798.37,Paid,Pending
ORD000718,CUST086,PROD003,2023-08-24,174.95,683758.33,Failed,Active
ORD000719,CUST087,PROD006,2023-08-25,637.13,694386.62,Pending,Active
ORD000720,CUST049,PROD003,2023-08-25,131.21,841548.71,Pending,Cancelled
ORD000721,CUST063,PROD002,2023-08-25,624.58,774379.86,Paid,Cancelled
ORD000722,CUST031,PROD007,2023-08-25,590.93,801454.37,Failed,Active
ORD000723,CUST041,PROD000,2023-08-25,318.4,233160.82,Failed,Pending
ORD000724,CUST042,PROD005,2023-08-26,330.24,350148.84,Failed,Active
ORD000725,CUST075,PROD004,2023-08-26,446.5,800012.58,Pending,Pending
ORD000726,CUST072,PROD008,2023-08-26,490.66,669513.32,Failed,Cancelled
ORD000727,CUST009,PROD006,2023-08-27,725.35,620863.33,Failed,Pending
ORD000728,CUST039,PROD009,2023-08-27,160.99,875004.81,Paid,Active
ORD000729,CUST089,PROD006,2023-08-27,686.14,653540.34,Paid,Cancelled
ORD000730,CUST095,PROD004,2023-08-28,714.4,560008.81,Pending,Active
ORD000731,CUST056,PROD000,2023-08-29,567.96,173323.09,Failed,Cancelled
ORD000732,CUST086,PROD009,2023-08-29,241.49,669121.32,Pending,Active
ORD000733,CUST051,PROD000,2023-08-29,404.45,212527.12,Pending,Active
ORD000734,CUST062,PROD007,2023-08-29,731.62,663272.58,Pending,Cancelled
ORD000735,CUST010,PROD007,2023-08-30,497.13,893575.56,Paid,Cancelled
ORD000736,CUST075,PROD002,2023-08-30,446.13,967974.83,Paid,Active
ORD000737,CUST086,PROD002,2023-08-30,642.43,755020.37,Paid,Active
ORD000738,CUST043,PROD004,2023-08-30,375.06,864013.59,Pending,Active
ORD000739,CUST026,PROD004,2023-08-31,714.4,560008.81,Paid,Cancelled
ORD000740,CUST042,PROD008,2023-08-31,508.5,655418.3,Paid,Pending
ORD000741,CUST011,PROD008,2023-08-31,553.1,620180.76,Failed,Pending
ORD000742,CUST046,PROD000,2023-08-31,301.19,237287.56,Paid,Cancelled
ORD000743,CUST087,PROD004,2023-08-31,580.45,680010.69,Paid,Active
ORD000744,CUST013,PROD008,2023-09-01,615.55,570848.2,Failed,Active
ORD000745,CUST015,PROD002,2023-09-01,678.12,716301.37,Pending,Active
ORD000746,CUST058,PROD006,2023-09-02,695.94,645371.09,Paid,Active
ORD000747,CUST084,PROD001,2023-09-03,500.47,715863.29,Paid,Pending
ORD000748,CUST042,PROD007,2023-09-03,534.65,856727.09,Pending,Cancelled
ORD000749,CUST074,PROD001,2023-09-03,459.34,771644.85,Failed,Cancelled
ORD000750,CUST057,PROD001,2023-09-03,541.61,660081.74,Failed,Pending
ORD000751,CUST076,PROD008,2023-09-04,437.13,711798.37,Pending,Cancelled
ORD000752,CUST041,PROD007,2023-09-04,347.05,1040969.47,Failed,Pending
ORD000753,CUST025,PROD008,2023-09-04,758.29,458088.06,Paid,Active
ORD000754,CUST084,PROD005,2023-09-05,422.93,289908.18,Pending,Active
ORD000755,CUST086,PROD006,2023-09-05,705.74,637201.84,Pending,Cancelled
ORD000756,CUST023,PROD005,2023-09-05,341.82,342618.76,Pending,Active
ORD000757,CUST092,PROD002,2023-09-05,669.19,725981.12,Failed,Active
ORD000758,CUST071,PROD007,2023-09-06,703.49,690908.94,Failed,Pending
ORD000759,CUST032,PROD002,2023-09-06,526.43,880857.1,Pending,Cancelled
ORD000760,CUST033,PROD000,2023-09-06,395.85,214590.49,Pending,Pending
ORD000761,CUST058,PROD001,2023-09-06,486.76,734457.15,Failed,Active
ORD000762,CUST060,PROD006,2023-09-06,774.36,580017.06,Failed,Cancelled
ORD000763,CUST093,PROD002,2023-09-07,731.65,658222.88,Failed,Pending
ORD000764,CUST011,PROD002,2023-09-08,553.2,851817.85,Failed,Cancelled
ORD000765,CUST087,PROD003,2023-09-08,157.94,745121.25,Paid,Active
ORD000766,CUST008,PROD009,2023-09-08,281.74,566179.58,Pending,Cancelled
ORD000767,CUST019,PROD008,2023-09-09,722.6,486278.09,Failed,Cancelled
ORD000768,CUST037,PROD004,2023-09-09,357.2,880013.84,Pending,Pending
ORD000769,CUST078,PROD002,2023-09-09,419.36,997014.07,Pending,Active
ORD000770,CUST035,PROD007,2023-09-10,515.89,875151.32,Pending,Cancelled
ORD000771,CUST008,PROD000,2023-09-10,722.85,136182.43,Pending,Pending
ORD000772,CUST001,PROD004,2023-09-10,473.29,776012.2,Pending,Cancelled
ORD000773,CUST075,PROD001,2023-09-11,342.79,929692.59,Paid,Cancelled
ORD000774,CUST051,PROD001,2023-09-11,322.22,957583.37,Paid,Pending
ORD000775,CUST053,PROD009,2023-09-11,184.47,814955.46,Paid,Cancelled
ORD000776,CUST026,PROD003,2023-09-11,194.38,613629.27,Pending,Pending
ORD000777,CUST046,PROD004,2023-09-12,312.55,920014.47,Paid,Pending
ORD000778,CUST050,PROD002,2023-09-13,437.21,977654.58,Pending,Pending
ORD000779,CUST017,PROD009,2023-09-13,147.58,909318.72,Pending,Pending
ORD000780,CUST009,PROD002,2023-09-13,660.27,735660.87,Paid,Active
ORD000781,CUST013,PROD004,2023-09-13,616.17,648010.19,Paid,Active
ORD000782,CUST053,PROD001,2023-09-13,377.07,883207.96,Failed,Cancelled
ORD000783,CUST052,PROD002,2023-09-14,472.9,938935.59,Failed,Cancelled
ORD000784,CUST011,PROD006,2023-09-14,607.72,718894.38,Paid,Pending
ORD000785,CUST042,PROD008,2023-09-14,508.5,655418.3,Paid,Cancelled
ORD000786,CUST015,PROD000,2023-09-15,654.01,152689.39,Paid,Active
ORD000787,CUST071,PROD001,2023-09-15,514.19,697269.44,Failed,Active
ORD000788,CUST035,PROD008,2023-09-16,490.66,669513.32,Pending,Cancelled
ORD000789,CUST080,PROD001,2023-09-16,507.33,706566.37,Failed,Cancelled
ORD000790,CUST043,PROD000,2023-09-16,361.43,222843.97,Paid,Pending
ORD000791,CUST087,PROD001,2023-09-16,445.63,790238.7,Paid,Pending
ORD000792,CUST021,PROD008,2023-09-16,588.79,591990.72,Paid,Pending
ORD000793,CUST015,PROD009,2023-09-17,254.9,634807.41,Paid,Pending
ORD000794,CUST087,PROD001,2023-09-17,445.63,790238.7,Pending,Cancelled
ORD000795,CUST053,PROD001,2023-09-17,377.07,883207.96,Failed,Pending
ORD000796,CUST087,PROD003,2023-09-17,157.94,745121.25,Pending,Cancelled
ORD000797,CUST049,PROD007,2023-09-17,506.51,884363.44,Paid,Pending
ORD000798,CUST000,PROD007,2023-09-18,572.17,819878.61,Pending,Active
ORD000799,CUST097,PROD001,2023-09-19,239.95,1069146.48,Failed,Active
ORD000800,CUST024,PROD002,2023-09-19,606.74,793739.36,Pending,Pending
ORD000801,CUST059,PROD003,2023-09-20,177.38,674992.19,Paid,Pending
ORD000802,CUST050,PROD003,2023-09-21,119.06,885379.37,Failed,Cancelled
ORD000803,CUST033,PROD004,2023-09-21,410.78,832013.08,Failed,Pending
ORD000804,CUST070,PROD001,2023-09-21,466.19,762347.92,Pending,Cancelled
ORD000805,CUST056,PROD007,2023-09-21,619.07,773818.01,Paid,Pending
ORD000806,CUST076,PROD002,2023-09-22,437.21,977654.58,Pending,Cancelled
ORD000807,CUST037,PROD001,2023-09-22,274.23,1022661.85,Pending,Pending
ORD000808,CUST026,PROD006,2023-09-23,784.16,571847.8,Failed,Pending
ORD000809,CUST057,PROD000,2023-09-23,679.83,146499.28,Failed,Pending
ORD000810,CUST090,PROD005,2023-09-23,405.55,301203.3,Paid,Pending
ORD000811,CUST044,PROD009,2023-09-24,258.26,626228.93,Paid,Cancelled
ORD000812,CUST098,PROD008,2023-09-24,490.66,669513.32,Pending,Cancelled
ORD000813,CUST023,PROD006,2023-09-25,578.32,743402.14,Pending,Active
ORD000814,CUST080,PROD004,2023-09-25,660.82,608009.56,Paid,Pending
ORD000815,CUST077,PROD003,2023-09-26,174.95,683758.33,Paid,Cancelled
ORD000816,CUST064,PROD000,2023-09-26,438.88,204273.64,Paid,Pending
ORD000817,CUST088,PROD009,2023-09-26,238.13,677699.8,Paid,Pending
ORD000818,CUST065,PROD005,2023-09-26,283.89,380269.17,Pending,Pending
ORD000819,CUST062,PROD002,2023-09-26,695.96,696941.88,Failed,Cancelled
ORD000820,CUST059,PROD005,2023-09-27,422.93,289908.18,Pending,Pending
ORD000821,CUST012,PROD003,2023-09-27,187.09,639927.67,Pending,Cancelled
ORD000822,CUST009,PROD004,2023-09-27,660.82,608009.56,Failed,Active
ORD000823,CUST061,PROD009,2023-09-28,181.12,823533.94,Paid,Cancelled
ORD000824,CUST096,PROD004,2023-09-28,544.73,712011.2,Failed,Pending
ORD000825,CUST052,PROD001,2023-09-29,363.36,901801.81,Pending,Pending
ORD000826,CUST089,PROD008,2023-09-29,624.47,563800.69,Failed,Pending
ORD000827,CUST090,PROD009,2023-09-30,234.78,686278.28,Paid,Cancelled
ORD000828,CUST068,PROD004,2023-10-01,553.66,704011.07,Pending,Active
ORD000829,CUST099,PROD005,2023-10-01,376.58,320028.51,Paid,Pending
ORD000830,CUST031,PROD008,2023-10-02,562.02,613133.25,Failed,Cancelled
ORD000831,CUST051,PROD000,2023-10-02,404.45,212527.12,Failed,Cancelled
ORD000832,CUST014,PROD002,2023-10-02,571.05,832458.35,Pending,Pending
ORD000833,CUST079,PROD007,2023-10-02,675.35,718545.3,Failed,Active
ORD000834,CUST032,PROD000,2023-10-02,507.72,187766.68,Paid,Cancelled
ORD000835,CUST034,PROD001,2023-10-03,527.9,678675.59,Paid,Pending
ORD000836,CUST069,PROD003,2023-10-04,194.38,613629.27,Failed,Cancelled
ORD000837,CUST056,PROD000,2023-10-04,567.96,173323.09,Failed,Cancelled
ORD000838,CUST014,PROD004,2023-10-04,571.52,688010.82,Pending,Cancelled
ORD000839,CUST029,PROD001,2023-10-04,281.09,1013364.92,Pending,Active
ORD000840,CUST095,PROD005,2023-10-04,463.49,263552.89,Pending,Cancelled
ORD000841,CUST091,PROD009,2023-10-05,197.89,780641.54,Pending,Active
ORD000842,CUST049,PROD008,2023-10-05,481.73,676560.83,Paid,Cancelled
ORD000843,CUST018,PROD000,2023-10-05,628.19,158879.5,Failed,Pending
ORD000844,CUST000,PROD005,2023-10-05,353.41,335088.68,Paid,Cancelled
ORD000845,CUST074,PROD002,2023-10-05,597.81,803419.11,Pending,Pending
ORD000846,CUST012,PROD008,2023-10-06,686.92,514468.13,Pending,Cancelled
ORD000847,CUST064,PROD002,2023-10-07,455.05,958295.08,Paid,Cancelled
ORD000848,CUST087,PROD006,2023-10-08,637.13,694386.62,Paid,Active
ORD000849,CUST046,PROD008,2023-10-08,312.24,810463.49,Paid,Active
ORD000850,CUST007,PROD007,2023-10-08,384.57,1004120.99,Pending,Active
ORD000851,CUST003,PROD003,2023-10-08,92.33,981806.83,Failed,Active
ORD000852,CUST065,PROD009,2023-10-09,164.35,866426.33,Pending,Active
ORD000853,CUST017,PROD005,2023-10-09,254.92,399094.38,Paid,Active
ORD000854,CUST054,PROD009,2023-10-09,204.59,763484.59,Paid,Cancelled
ORD000855,CUST038,PROD003,2023-10-10,111.77,911677.77,Failed,Cancelled
ORD000856,CUST080,PROD000,2023-10-10,636.8,156816.13,Failed,Active
ORD000857,CUST089,PROD005,2023-10-10,405.55,301203.3,Pending,Active
ORD000858,CUST069,PROD007,2023-10-11,750.38,644848.34,Pending,Pending
ORD000859,CUST023,PROD006,2023-10-11,578.32,743402.14,Paid,Cancelled
ORD000860,CUST077,PROD000,2023-10-11,619.59,160942.87,Failed,Cancelled
ORD000861,CUST090,PROD006,2023-10-12,686.14,653540.34,Paid,Pending
ORD000862,CUST003,PROD005,2023-10-12,220.16,421684.63,Pending,Pending
ORD000863,CUST049,PROD009,2023-10-12,181.12,823533.94,Paid,Active
ORD000864,CUST043,PROD009,2023-10-13,140.87,926475.68,Failed,Active
ORD000865,CUST030,PROD002,2023-10-13,722.73,667902.63,Failed,Active
ORD000866,CUST005,PROD008,2023-10-13,651.23,542658.16,Failed,Pending
ORD000867,CUST089,PROD003,2023-10-14,170.09,701290.59,Paid,Cancelled
ORD000868,CUST028,PROD003,2023-10-14,128.78,850314.84,Pending,Cancelled
ORD000869,CUST030,PROD003,2023-10-14,196.81,604863.14,Pending,Pending
ORD000870,CUST039,PROD009,2023-10-15,160.99,875004.81,Paid,Active
ORD000871,CUST063,PROD005,2023-10-16,405.55,301203.3,Paid,Pending
ORD000872,CUST043,PROD005,2023-10-16,243.33,406624.46,Failed,Cancelled
ORD000873,CUST058,PROD006,2023-10-16,695.94,645371.09,Failed,Active
ORD000874,CUST022,PROD006,2023-10-17,686.14,653540.34,Failed,Cancelled
ORD000875,CUST073,PROD003,2023-10-18,121.49,876613.24,Failed,Pending
ORD000876,CUST087,PROD005,2023-10-18,376.58,320028.51,Paid,Active
ORD000877,CUST011,PROD008,2023-10-18,553.1,620180.76,Paid,Pending
ORD000878,CUST053,PROD007,2023-10-18,515.89,875151.32,Paid,Cancelled
ORD000879,CUST099,PROD000,2023-10-18,559.35,175386.46,Pending,Active
ORD000880,CUST038,PROD004,2023-10-19,410.78,832013.08,Pending,Pending
ORD000881,CUST032,PROD007,2023-10-19,553.41,838302.85,Failed,Pending
ORD000882,CUST003,PROD000,2023-10-20,327.01,231097.45,Paid,Active
ORD000883,CUST094,PROD006,2023-10-20,715.55,629032.58,Failed,Pending
ORD000884,CUST015,PROD001,2023-10-21,521.04,687972.52,Failed,Pending
ORD000885,CUST096,PROD002,2023-10-21,544.28,861497.6,Failed,Active
ORD000886,CUST018,PROD002,2023-10-21,651.35,745340.62,Pending,Pending
ORD000887,CUST022,PROD008,2023-10-21,624.47,563800.69,Pending,Cancelled
ORD000888,CUST040,PROD001,2023-10-22,294.8,994771.07,Failed,Pending
ORD000889,CUST084,PROD002,2023-10-22,651.35,745340.62,Pending,Pending
ORD000890,CUST005,PROD001,2023-10-22,500.47,715863.29,Pending,Cancelled
ORD000891,CUST064,PROD002,2023-10-23,455.05,958295.08,Failed,Active
ORD000892,CUST068,PROD008,2023-10-23,553.1,620180.76,Failed,Cancelled
ORD000893,CUST060,PROD002,2023-10-23,704.89,687262.13,Failed,Pending
ORD000894,CUST039,PROD002,2023-10-24,428.28,987334.33,Paid,Cancelled
ORD000895,CUST009,PROD004,2023-10-24,660.82,608009.56,Paid,Active
ORD000896,CUST065,PROD001,2023-10-24,335.93,938989.52,Paid,Active
ORD000897,CUST001,PROD007,2023-10-24,497.13,893575.56,Failed,Pending
ORD000898,CUST092,PROD006,2023-10-25,735.15,612694.07,Paid,Pending
ORD000899,CUST004,PROD005,2023-10-25,225.95,417919.58,Pending,Active
ORD000900,CUST071,PROD001,2023-10-26,514.19,697269.44,Pending,Pending
ORD000901,CUST027,PROD006,2023-10-26,666.54,669878.85,Paid,Cancelled
ORD000902,CUST033,PROD005,2023-10-26,266.51,391564.3,Failed,Active
ORD000903,CUST059,PROD006,2023-10-27,715.55,629032.58,Paid,Cancelled
ORD000904,CUST091,PROD006,2023-10-27,578.32,743402.14,Failed,Cancelled
ORD000905,CUST031,PROD000,2023-10-27,542.14,179513.2,Failed,Cancelled
ORD000906,CUST093,PROD001,2023-10-27,562.18,632190.96,Failed,Pending
ORD000907,CUST087,PROD004,2023-10-28,580.45,680010.69,Paid,Active
ORD000908,CUST092,PROD000,2023-10-28,645.4,154752.76,Pending,Active
ORD000909,CUST013,PROD009,2023-10-29,231.43,694856.76,Paid,Cancelled
ORD000910,CUST078,PROD003,2023-10-29,114.2,902911.64,Failed,Pending
ORD000911,CUST098,PROD003,2023-10-29,133.64,832782.58,Pending,Active
ORD000912,CUST020,PROD001,2023-10-29,452.48,780941.78,Paid,Active
ORD000913,CUST043,PROD007,2023-10-30,393.95,994908.87,Failed,Active
ORD000914,CUST083,PROD001,2023-10-30,335.93,938989.52,Failed,Pending
ORD000915,CUST073,PROD000,2023-10-30,430.27,206337.01,Pending,Active
ORD000916,CUST084,PROD004,2023-10-31,651.89,616009.69,Pending,Active
ORD000917,CUST024,PROD005,2023-10-31,393.96,308733.39,Failed,Pending
ORD000918,CUST062,PROD000,2023-10-31,671.22,148562.65,Failed,Pending
ORD000919,CUST003,PROD006,2023-10-31,372.48,914956.48,Failed,Cancelled
ORD000920,CUST092,PROD003,2023-11-01,182.23,657459.93,Paid,Cancelled
ORD000921,CUST038,PROD005,2023-11-02,266.51,391564.3,Failed,Active
ORD000922,CUST083,PROD004,2023-11-03,437.57,808012.71,Failed,Cancelled
ORD000923,CUST001,PROD005,2023-11-03,307.06,365209.01,Pending,Cancelled
ORD000924,CUST043,PROD005,2023-11-03,243.33,406624.46,Failed,Cancelled
ORD000925,CUST029,PROD003,2023-11-04,99.62,955508.43,Paid,Cancelled
ORD000926,CUST018,PROD000,2023-11-04,628.19,158879.5,Pending,Cancelled
ORD000927,CUST046,PROD006,2023-11-04,343.07,939464.24,Paid,Cancelled
ORD000928,CUST016,PROD006,2023-11-04,480.3,825094.68,Paid,Active
ORD000929,CUST060,PROD007,2023-11-05,741.0,654060.46,Pending,Active
ORD000930,CUST086,PROD004,2023-11-05,642.96,624009.81,Paid,Cancelled
ORD000931,CUST005,PROD001,2023-11-06,500.47,715863.29,Pending,Pending
ORD000932,CUST036,PROD009,2023-11-06,124.1,969368.07,Failed,Pending
ORD000933,CUST078,PROD002,2023-11-07,419.36,997014.07,Failed,Active
ORD000934,CUST026,PROD003,2023-11-07,194.38,613629.27,Failed,Cancelled
ORD000935,CUST089,PROD000,2023-11-07,602.38,165069.61,Paid,Active
ORD000936,CUST037,PROD001,2023-11-07,274.23,1022661.85,Failed,Pending
ORD000937,CUST005,PROD006,2023-11-07,715.55,629032.58,Pending,Pending
ORD000938,CUST072,PROD007,2023-11-08,515.89,875151.32,Pending,Cancelled
ORD000939,CUST018,PROD000,2023-11-08,628.19,158879.5,Pending,Cancelled
ORD000940,CUST064,PROD001,2023-11-08,349.65,920395.66,Failed,Pending
ORD000941,CUST002,PROD004,2023-11-08,419.71,824012.96,Paid,Pending
ORD000942,CUST090,PROD009,2023-11-09,234.78,686278.28,Paid,Cancelled
ORD000943,CUST004,PROD002,2023-11-09,347.98,1074452.06,Failed,Active
ORD000944,CUST012,PROD009,2023-11-09,258.26,626228.93,Pending,Active
ORD000945,CUST064,PROD000,2023-11-09,438.88,204273.64,Pending,Active
ORD000946,CUST018,PROD003,2023-11-10,177.38,674992.19,Pending,Cancelled
ORD000947,CUST022,PROD006,2023-11-10,686.14,653540.34,Failed,Cancelled
ORD000948,CUST076,PROD006,2023-11-11,480.3,825094.68,Paid,Pending
ORD000949,CUST057,PROD000,2023-11-11,679.83,146499.28,Failed,Active
ORD000950,CUST029,PROD005,2023-11-11,237.54,410389.5,Pending,Pending
ORD000951,CUST007,PROD001,2023-11-12,281.09,1013364.92,Failed,Cancelled
ORD000952,CUST085,PROD006,2023-11-12,735.15,612694.07,Pending,Cancelled
ORD000953,CUST089,PROD009,2023-11-13,234.78,686278.28,Paid,Active
ORD000954,CUST043,PROD001,2023-11-13,287.94,1004068.0,Pending,Active
ORD000955,CUST014,PROD001,2023-11-13,438.77,799535.63,Pending,Cancelled
ORD000956,CUST099,PROD008,2023-11-13,579.87,599038.23,Pending,Cancelled
ORD000957,CUST002,PROD006,2023-11-13,460.69,841433.19,Failed,Pending
ORD000958,CUST035,PROD002,2023-11-14,490.74,919576.09,Paid,Pending
ORD000959,CUST053,PROD000,2023-11-14,473.3,196020.16,Paid,Pending
ORD000960,CUST054,PROD009,2023-11-15,204.59,763484.59,Paid,Cancelled
ORD000961,CUST022,PROD001,2023-11-15,479.91,743754.07,Paid,Cancelled
ORD000962,CUST062,PROD006,2023-11-15,764.56,588186.31,Failed,Active
ORD000963,CUST074,PROD004,2023-11-15,598.31,664010.44,Pending,Cancelled
ORD000964,CUST054,PROD003,2023-11-15,148.22,780185.78,Failed,Pending
ORD000965,CUST048,PROD008,2023-11-16,731.52,479230.58,Failed,Pending
ORD000966,CUST002,PROD004,2023-11-16,419.71,824012.96,Failed,Cancelled
ORD000967,CUST066,PROD004,2023-11-16,571.52,688010.82,Pending,Active
ORD000968,CUST027,PROD006,2023-11-16,666.54,669878.85,Paid,Active
ORD000969,CUST028,PROD007,2023-11-16,497.13,893575.56,Paid,Cancelled
ORD000970,CUST083,PROD008,2023-11-17,437.13,711798.37,Pending,Pending
ORD000971,CUST053,PROD005,2023-11-17,318.65,357678.92,Pending,Active
ORD000972,CUST074,PROD001,2023-11-18,459.34,771644.85,Paid,Pending
ORD000973,CUST076,PROD005,2023-11-18,283.89,380269.17,Failed,Pending
ORD000974,CUST057,PROD004,2023-11-19,705.47,568008.93,Failed,Active
ORD000975,CUST014,PROD009,2023-11-19,214.66,737749.15,Failed,Active
ORD000976,CUST091,PROD003,2023-11-20,143.36,797718.05,Paid,Pending
ORD000977,CUST051,PROD005,2023-11-20,272.3,387799.25,Failed,Active
ORD000978,CUST085,PROD005,2023-11-21,434.52,282378.1,Failed,Cancelled
ORD000979,CUST089,PROD000,2023-11-22,602.38,165069.61,Failed,Cancelled
ORD000980,CUST096,PROD007,2023-11-22,572.17,819878.61,Pending,Cancelled
ORD000981,CUST026,PROD005,2023-11-22,463.49,263552.89,Paid,Active
ORD000982,CUST059,PROD002,2023-11-22,651.35,745340.62,Pending,Cancelled
ORD000983,CUST080,PROD004,2023-11-23,660.82,608009.56,Paid,Pending
ORD000984,CUST092,PROD007,2023-11-23,703.49,690908.94,Pending,Active
ORD000985,CUST028,PROD000,2023-11-23,456.09,200146.9,Failed,Cancelled
ORD000986,CUST021,PROD002,2023-11-23,588.89,813098.86,Pending,Pending
ORD000987,CUST008,PROD005,2023-11-23,486.66,248492.73,Failed,Active
ORD000988,CUST060,PROD000,2023-11-24,679.83,146499.28,Pending,Active
ORD000989,CUST050,PROD009,2023-11-24,164.35,866426.33,Pending,Cancelled
ORD000990,CUST067,PROD005,2023-11-25,457.69,267317.93,Failed,Active
ORD000991,CUST071,PROD005,2023-11-25,434.52,282378.1,Pending,Pending
ORD000992,CUST041,PROD002,2023-11-26,330.14,1093811.56,Paid,Pending
ORD000993,CUST065,PROD009,2023-11-27,164.35,866426.33,Failed,Active
ORD000994,CUST012,PROD004,2023-11-27,687.61,584009.18,Failed,Cancelled
ORD000995,CUST018,PROD000,2023-11-27,628.19,158879.5,Paid,Active
ORD000996,CUST080,PROD001,2023-11-27,507.33,706566.37,Failed,Active
ORD000997,CUST069,PROD006,2023-11-27,784.16,571847.8,Failed,Cancelled
ORD000998,CUST056,PROD001,2023-11-28,452.48,780941.78,Paid,Pending
ORD000999,CUST095,PROD001,2023-11-28,548.46,650784.81,Failed,Pending
ORD001000,CUST016,PROD005,2023-11-29,283.89,380269.17,Failed,Cancelled
ORD001001,CUST009,PROD004,2023-11-29,660.82,608009.56,Failed,Cancelled
ORD001002,CUST004,PROD002,2023-11-30,347.98,1074452.06,Failed,Cancelled
ORD001003,CUST063,PROD001,2023-11-30,479.91,743754.07,Paid,Pending
ORD001004,CUST056,PROD008,2023-12-01,588.79,591990.72,Failed,Pending
ORD001005,CUST064,PROD007,2023-12-01,478.37,911999.8,Failed,Pending
ORD001006,CUST046,PROD004,2023-12-01,312.55,920014.47,Failed,Pending
ORD001007,CUST038,PROD004,2023-12-01,410.78,832013.08,Pending,Active
ORD001008,CUST019,PROD008,2023-12-02,722.6,486278.09,Paid,Pending
ORD001009,CUST036,PROD006,2023-12-02,362.67,923125.74,Paid,Active
ORD001010,CUST014,PROD004,2023-12-02,571.52,688010.82,Paid,Active
ORD001011,CUST087,PROD003,2023-12-02,157.94,745121.25,Pending,Cancelled
ORD001012,CUST085,PROD001,2023-12-03,514.19,697269.44,Failed,Cancelled
ORD001013,CUST041,PROD008,2023-12-03,330.08,796368.47,Paid,Cancelled
ORD001014,CUST093,PROD005,2023-12-03,475.08,256022.81,Paid,Pending
ORD001015,CUST049,PROD005,2023-12-04,312.85,361443.96,Failed,Pending
ORD001016,CUST063,PROD009,2023-12-05,234.78,686278.28,Paid,Cancelled
ORD001017,CUST045,PROD001,2023-12-06,404.49,846020.26,Pending,Pending
ORD001018,CUST006,PROD001,2023-12-06,363.36,901801.81,Failed,Pending
ORD001019,CUST019,PROD002,2023-12-06,722.73,667902.63,Pending,Active
ORD001020,CUST021,PROD003,2023-12-06,160.37,736355.12,Paid,Pending
ORD001021,CUST035,PROD006,2023-12-07,539.11,776079.16,Paid,Cancelled
ORD001022,CUST088,PROD002,2023-12-07,633.5,764700.12,Failed,Active
ORD001023,CUST009,PROD008,2023-12-07,660.15,535610.65,Pending,Cancelled
ORD001024,CUST088,PROD008,2023-12-07,633.39,556753.18,Pending,Pending
ORD001025,CUST090,PROD009,2023-12-07,234.78,686278.28,Pending,Active
ORD001026,CUST049,PROD000,2023-12-08,464.69,198083.53,Failed,Pending
ORD001027,CUST026,PROD007,2023-12-08,750.38,644848.34,Failed,Active
ORD001028,CUST098,PROD001,2023-12-08,377.07,883207.96,Paid,Active
ORD001029,CUST026,PROD003,2023-12-09,194.38,613629.27,Paid,Pending
ORD001030,CUST074,PROD003,2023-12-09,162.8,727588.99,Paid,Cancelled
ORD001031,CUST049,PROD007,2023-12-09,506.51,884363.44,Pending,Cancelled
ORD001032,CUST093,PROD002,2023-12-10,731.65,658222.88,Pending,Active
ORD001033,CUST051,PROD008,2023-12-10,419.29,725893.39,Paid,Active
ORD001034,CUST067,PROD006,2023-12-10,774.36,580017.06,Pending,Active
ORD001035,CUST059,PROD005,2023-12-10,422.93,289908.18,Paid,Cancelled
ORD001036,CUST055,PROD004,2023-12-11,616.17,648010.19,Failed,Cancelled
ORD001037,CUST091,PROD004,2023-12-11,526.87,728011.45,Failed,Cancelled
ORD001038,CUST047,PROD006,2023-12-12,744.95,604524.82,Paid,Active
ORD001039,CUST017,PROD009,2023-12-12,147.58,909318.72,Pending,Cancelled
ORD001040,CUST095,PROD009,2023-12-12,268.32,600493.49,Paid,Cancelled
ORD001041,CUST094,PROD002,2023-12-12,651.35,745340.62,Pending,Active
ORD001042,CUST013,PROD001,2023-12-13,473.05,753051.0,Pending,Cancelled
ORD001043,CUST046,PROD007,2023-12-13,328.29,1059393.71,Paid,Cancelled
ORD001044,CUST056,PROD001,2023-12-14,452.48,780941.78,Paid,Active
ORD001045,CUST098,PROD002,2023-12-14,490.74,919576.09,Paid,Cancelled
ORD001046,CUST042,PROD000,2023-12-14,490.51,191893.42,Failed,Cancelled
ORD001047,CUST075,PROD007,2023-12-14,468.99,921211.92,Paid,Active
ORD001048,CUST032,PROD009,2023-12-15,197.89,780641.54,Failed,Pending
ORD001049,CUST056,PROD003,2023-12-15,160.37,736355.12,Paid,Active
ORD001050,CUST075,PROD004,2023-12-16,446.5,800012.58,Paid,Pending
ORD001051,CUST048,PROD000,2023-12-16,705.64,140309.17,Failed,Pending
ORD001052,CUST064,PROD004,2023-12-16,455.43,792012.45,Paid,Cancelled
ORD001053,CUST053,PROD009,2023-12-17,184.47,814955.46,Paid,Active
ORD001054,CUST054,PROD001,2023-12-17,418.2,827426.41,Paid,Pending
ORD001055,CUST041,PROD009,2023-12-17,124.1,969368.07,Paid,Pending
ORD001056,CUST020,PROD009,2023-12-18,221.36,720592.19,Failed,Active
ORD001057,CUST073,PROD007,2023-12-19,468.99,921211.92,Pending,Active
ORD001058,CUST094,PROD003,2023-12-20,177.38,674992.19,Failed,Cancelled
ORD001059,CUST041,PROD009,2023-12-20,124.1,969368.07,Failed,Active
ORD001060,CUST059,PROD005,2023-12-20,422.93,289908.18,Paid,Active
ORD001061,CUST087,PROD004,2023-12-21,580.45,680010.69,Paid,Active
ORD001062,CUST033,PROD007,2023-12-21,431.47,958060.4,Paid,Cancelled
ORD001063,CUST022,PROD006,2023-12-21,686.14,653540.34,Failed,Active
ORD001064,CUST037,PROD007,2023-12-21,375.19,1013333.11,Failed,Pending
ORD001065,CUST033,PROD009,2023-12-22,154.28,892161.76,Pending,Cancelled
ORD001066,CUST069,PROD008,2023-12-22,713.68,493325.6,Pending,Pending
ORD001067,CUST063,PROD000,2023-12-23,602.38,165069.61,Failed,Pending
ORD001068,CUST089,PROD006,2023-12-24,686.14,653540.34,Pending,Pending
ORD001069,CUST052,PROD007,2023-12-24,497.13,893575.56,Failed,Pending
ORD001070,CUST051,PROD006,2023-12-24,460.69,841433.19,Paid,Active
ORD001071,CUST065,PROD009,2023-12-24,164.35,866426.33,Failed,Cancelled
ORD001072,CUST039,PROD006,2023-12-25,470.5,833263.94,Paid,Pending
ORD001073,CUST063,PROD009,2023-12-25,234.78,686278.28,Failed,Pending
ORD001074,CUST091,PROD008,2023-12-25,526.34,641323.28,Pending,Active
ORD001075,CUST002,PROD002,2023-12-25,419.36,997014.07,Pending,Active
ORD001076,CUST006,PROD001,2023-12-25,363.36,901801.81,Pending,Cancelled
ORD001077,CUST023,PROD000,2023-12-26,507.72,187766.68,Failed,Cancelled
ORD001078,CUST045,PROD004,2023-12-26,526.87,728011.45,Failed,Active
ORD001079,CUST021,PROD004,2023-12-26,589.38,672010.57,Pending,Pending
ORD001080,CUST029,PROD005,2023-12-26,237.54,410389.5,Pending,Pending
ORD001081,CUST032,PROD007,2023-12-27,553.41,838302.85,Failed,Cancelled
ORD001082,CUST060,PROD004,2023-12-27,705.47,568008.93,Pending,Pending
ORD001083,CUST027,PROD004,2023-12-27,607.24,656010.32,Paid,Active
ORD001084,CUST078,PROD003,2023-12-28,114.2,902911.64,Pending,Cancelled
ORD001085,CUST085,PROD005,2023-12-28,434.52,282378.1,Pending,Cancelled
ORD001086,CUST001,PROD006,2023-12-29,519.51,792417.67,Paid,Pending
ORD001087,CUST076,PROD000,2023-12-29,421.66,208400.38,Pending,Cancelled
ORD001088,CUST065,PROD002,2023-12-29,437.21,977654.58,Paid,Pending
ORD001089,CUST044,PROD000,2023-12-30,662.62,150626.02,Pending,Pending
ORD001090,CUST060,PROD009,2023-12-31,264.97,609071.97,Paid,Pending
ORD001091,CUST008,PROD001,2023-12-31,575.89,613597.11,Paid,Active
ORD001092,CUST063,PROD003,2023-12-31,170.09,701290.59,Paid,Pending
ORD001093,CUST084,PROD007,2023-12-31,684.73,709333.18,Paid,Active
ORD001094,CUST090,PROD008,2023-12-31,624.47,563800.69,Paid,Pending
